0.016522747	0.020185377	-0.061031774	0.013312064	0.07710367	-0.065609254	-0.08456359	0.06151166	0.008529604	0.07743225	-0.10149841	0.049229357	-0.041024577	-0.055362865	0.013816752	-0.06926203
0.101810515	-0.087571256	0.13346621	0.111051336	-0.05881572	0.1670745	-0.0060259537	0.13358115	0.010683014	-0.14779316	-0.112139195	0.092764504	0.0930959	-0.18814641	0.07002988	-0.10931816
0.062840514	0.17341593	-0.13146837	0.08266645	0.1855851	-0.0710346	-0.19154899	0.10796833	0.06564893	0.11443479	-0.17543446	0.16703072	-0.1857808	-0.14629537	-0.036572836	-0.15309891
-0.07526191	-0.08612446	-0.012069088	-0.13994467	-0.02861535	-0.08976806	0.12393505	0.06240748	0.116334714	-0.15790108	0.15353453	0.093759894	0.07724249	0.08264337	0.04381273	-0.030461365
-0.035922464	-0.05500461	0.11674851	0.048640992	0.008474228	0.059582897	-0.015849346	-0.022679051	-0.08780526	0.0469304	0.14554521	-0.060098216	-0.051604565	0.021247504	0.04274546	-0.057340488
-0.13623673	-0.15585653	0.0728696	0.18128558	-0.15458603	0.17311832	0.12684076	-0.06428079	-0.07010945	-0.12225253	-0.112562336	0.15794109	0.13640088	-0.17205235	-0.08694333	0.10310941
0.10971891	-0.0359118	0.14239308	0.009597523	0.094064735	-0.10229566	0.07326591	-0.11853993	-0.11291046	-0.101795666	0.1746731	-0.08937362	-0.13111876	0.09025496	0.12093945	0.14894055
-0.064017326	-0.07665147	0.15782824	0.14562972	-0.0873869	0.11096268	0.1168239	0.030275658	-0.02608925	-0.080220535	-0.13909154	0.15800782	0.15789658	-0.09880961	0.014220428	-0.03661729
-0.05006869	0.043554228	-0.019732896	-0.056802344	-0.044373114	-0.028952098	0.07776334	0.018294854	0.017660378	-0.062322102	0.14996934	-0.010842258	-0.023174604	0.13546315	0.05332559	-0.04469451
0.050793894	0.119695656	-0.17211297	0.033902254	0.10051323	-0.16499357	-0.13349426	0.037040196	0.039750416	0.109594814	-0.15150605	-0.021829415	-0.075121626	-0.055713166	-0.123865694	-0.08930513
-0.14055747	-0.1263643	0.030849254	0.00095315767	-0.1321068	0.07984376	0.12881847	0.08011534	0.07199374	-0.11703137	-0.020499054	0.09437809	0.0792487	-0.05790737	-0.01097281	0.045928203
-0.11068235	0.16908452	-0.099723645	-0.056520283	-0.03915501	0.061908897	-0.14619082	0.072486	-0.018336385	0.064511225	0.06432891	0.087721646	-0.12907752	-0.020368453	-0.11234737	-0.070028506
0.09800523	0.0012767644	0.14606558	0.02901632	0.105301835	-0.13308334	0.18879917	-0.16183822	-0.021973263	-0.20152068	0.1852186	-0.040274628	0.006233066	0.15221465	0.14379695	0.0436922
-0.04007979	0.06191205	0.09560989	-0.009905447	-0.088117465	0.107810766	-0.03515529	0.11865063	-0.054219134	-0.0062894844	-0.032338943	0.07339552	0.06413118	-0.12213611	-0.0148059325	-0.09402576
0.037056666	0.012722201	-0.03989956	-0.08396478	0.008695835	-0.07025261	0.06212664	0.0080897445	0.11497598	-0.08855469	-0.040034924	0.08940989	0.054520275	0.05451686	0.08338352	-0.064088516
0.09131743	-0.06276786	-0.11791497	0.055839162	0.11604674	-0.043524154	-0.12598787	-0.105027445	-0.0913596	0.09952904	-0.072885364	-0.13655399	-0.085825376	-0.18027423	-0.048449438	0.10700944
-0.011468227	-0.16372532	0.1527809	0.14486307	-0.09882915	0.16224782	0.06317923	0.035667047	-0.020774415	-0.09678871	-0.12112838	0.15047564	0.15352993	-0.15884678	0.08829432	0.053068254
-0.1290536	-0.061579064	0.08239107	0.102988824	-0.0427488	0.08346222	0.11257837	-0.09437484	-0.087260045	-0.1009345	-0.10652944	0.074218884	0.06505623	-0.09188233	-0.0030932543	0.095722765
-0.08061332	-0.14890881	-0.15192977	-0.17600645	-0.1692302	-0.12521988	0.14774717	0.098580614	0.12619185	-0.15301174	0.11389497	0.08170402	0.14993581	0.17812845	0.034295443	-0.12414484
0.1875562	-0.078705296	0.013435644	0.15026352	0.080852635	-0.085052416	-0.004981862	-0.13091071	-0.066833615	0.07497947	-0.094978996	-0.12331186	-0.079300806	-0.063363485	0.09930984	0.06933579
-0.10548041	-0.009815601	-0.115312934	-0.12588732	-0.019903466	0.06710649	0.13491897	0.10474774	0.09867772	-0.08405004	-0.06986639	-0.053863343	0.11297884	0.15644883	0.027412672	-0.12326655
0.09241666	-0.12563834	-0.022811187	0.07369388	0.031874057	-0.1447792	0.0040506516	-0.090394124	-0.05275204	0.011789533	0.015676077	-0.12794441	-0.08098255	0.030399268	0.06695325	0.06338694
0.030573174	0.039273184	-0.033913996	0.040540628	0.12002841	0.025816124	-0.10627228	0.090955056	-0.013749254	0.0015012237	-0.04283374	-0.030427078	-0.15616548	-0.021546723	0.022877935	-0.0755847
-0.03200733	0.15789233	-0.11076628	-0.11603565	0.033916384	0.052479576	-0.11404551	0.11802473	-0.0074925753	0.13761912	0.0046751057	0.098205924	-0.12605801	-0.003100009	-0.10157707	-0.07116517
0.012902054	-0.105838396	0.12091555	0.16225788	-0.12199743	0.1620878	0.048705798	0.10772623	0.016867567	-0.067976564	-0.16034684	0.14131078	0.12220469	-0.15368865	0.10763166	0.066106185
0.13090743	-0.061092358	0.08769866	-0.06660436	0.0791811	-0.059498124	0.032423165	-0.067394406	-0.16708359	0.07508391	-0.01593642	-0.011159493	-0.11626384	-0.129547	0.0064099613	0.11599116
-0.07240382	0.08651278	-0.09236593	-0.08549865	-0.10989461	0.1288675	-0.14517623	0.06794938	-0.08672565	0.126291	0.097786315	0.03442095	-0.16003485	0.10450408	-0.15738833	-0.07717308
-0.03801391	0.00392913	-0.062324125	0.08578551	0.19155392	-0.09218149	-0.16971968	-0.012737968	-0.044856686	0.18510745	0.013152598	-0.087474965	-0.09137669	-0.012058388	-0.16538122	0.017656041
0.003383579	0.104129024	-0.12475492	0.0835703	0.07480889	-0.033498142	-0.08513234	0.13576263	0.06340176	0.03119064	-0.13425167	0.1220068	-0.10041603	-0.14163603	0.008097058	-0.13800472
-0.07465429	-0.03548122	0.15038511	0.08489359	-0.12343453	0.15243277	0.07280439	-0.13357162	-0.050718952	-0.14319089	-0.08410529	0.08116446	0.06823098	-0.10309032	-0.14690825	0.038857885
-0.04019809	-0.09104174	0.123386994	0.13672327	-0.039867777	0.09571389	0.047049228	0.044881415	-0.024259737	-0.11222991	-0.11457876	0.10224221	0.0501466	-0.11145381	0.012149025	0.0054378677
-0.055172566	-0.07220888	-0.10552479	-0.15116827	-0.016339742	0.04139121	0.076794766	0.1014554	0.11718243	-0.0070155	-0.030309048	-0.0027060094	0.124148175	0.08039748	-0.06816416	-0.09234719
-0.09934843	-0.1157971	-0.13977654	-0.14618063	-0.13791394	-0.087848425	0.085006595	0.12224994	0.11121337	-0.11958574	0.1292446	0.09534403	0.07349202	0.1383994	0.034787267	-0.12634838
0.082381934	-0.055977054	0.07700415	0.06995778	0.121617585	-0.060137477	0.02459612	-0.109794766	-0.043963116	-0.044615705	0.1496469	-0.08520181	-0.05108988	0.105235875	0.100360595	0.1066609
0.10854786	-0.113593504	-0.13157955	0.04205246	0.097364515	-0.03842088	-0.14983667	-0.042642243	-0.089780405	0.088914655	-0.11735897	-0.11665168	-0.11606785	-0.15693627	-0.15182471	0.1484658
-0.11983206	-0.002382085	0.09332612	0.08600296	0.09886448	-0.07341004	-0.12398551	-0.13590121	-0.053771105	0.12218349	0.07594077	-0.12937015	0.041390665	0.057766262	0.030130856	0.08625927
-0.019836387	-0.115653135	0.09470023	0.017524598	-0.13253735	0.035682056	0.09833701	0.107075065	0.07878511	-0.12117614	-0.11041196	0.123547725	0.15569974	-0.074081786	0.07324117	-0.04989505
-0.11010421	-0.066665396	0.07304886	0.031132633	-0.09198014	0.03683883	0.04003354	-0.055485748	-0.05723901	-0.010957651	-0.020301241	0.010765466	-0.020288276	-0.061818644	-0.01667174	0.03678423
-0.124679126	-0.029579777	0.12709777	0.13030392	-0.09026417	0.08787504	0.09182024	-0.05257349	-0.06726844	-0.041938443	-0.1024631	0.06149152	0.065776125	-0.1528237	-0.0642846	0.11113654
-0.06970601	-0.062192097	0.08216624	0.103326164	-0.09835911	0.07403926	0.039030228	0.053527378	-0.013763994	-0.09529875	-0.09585814	0.058558743	0.11367535	-0.07673563	0.08665068	-0.044280548
0.023971265	-0.010451476	0.118923	0.04770634	0.092029415	-0.06582528	0.03598674	-0.030029116	-0.060773488	0.039291378	0.08017374	-0.03132593	-0.04268681	0.025043208	0.09841334	0.11504405
-0.14330648	-0.11253833	0.090172485	0.14512818	-0.13881135	0.081168495	0.059596676	-0.12187893	-0.08075098	-0.12132983	-0.12208068	0.06989105	0.10357606	-0.077190995	-0.08798618	0.14283432
-0.07859704	-0.11620154	0.06525503	0.09393141	-0.07376481	0.028884277	0.046554055	-0.07506423	-0.06408767	-0.07179857	-0.0434568	0.12109701	0.11760522	-0.08765003	-0.13825093	0.106409
0.07488015	0.04215088	0.08657963	-0.10033966	-0.0121448515	-0.0215862	0.13437852	-0.028454337	-0.027216867	0.015202398	0.04218208	0.028416635	-0.06351991	0.004480243	0.05005883	-0.023720592
0.052568987	0.09981304	-0.10603697	0.043142118	0.08722055	-0.05511839	-0.08246115	0.116792604	0.020426618	0.13290365	-0.10928801	0.032004267	-0.101237394	-0.07853864	-0.06261715	-0.12182289
0.05847242	-0.06420206	0.03345629	0.086861886	0.028401282	-0.0895777	-0.041223776	-0.06424964	-0.063000835	-0.009708325	-0.021787854	-0.07371148	-0.076564044	0.05599943	0.011584383	0.06906734
0.021758115	-0.07729874	-0.06969523	0.10172518	0.078766204	-0.030064374	-0.11992759	-0.09390085	-0.05398604	0.08882664	-0.12082305	-0.112770125	-0.10308169	-0.08813605	-0.15198722	0.11815348
0.0101608345	0.098268636	-0.14065212	-0.08972112	0.022182317	0.023136228	-0.1432763	0.07539709	0.0010007869	0.144607	-0.035167724	0.106684275	-0.14142966	0.0028396733	-0.10444872	-0.14991641
-0.084191516	-0.049159616	-0.115466624	-0.12828425	-0.057136916	0.052882604	0.08838962	0.12133561	0.071664855	-0.031295463	-0.11909696	0.00046520986	0.051789317	0.14445475	0.026007675	-0.09279797
0.02109618	0.11670945	-0.06929538	-0.11279606	0.0028200038	0.0628564	-0.08893638	0.07351204	-0.09032378	0.11717251	0.077351764	0.088069715	-0.08806323	-0.0042922865	-0.059787765	-0.08305925
0.014397987	-0.017907875	0.0020771583	-0.1276414	-0.07628702	0.036757894	0.12426573	0.069907285	0.04861663	-0.059543137	-0.020349957	0.014267724	-0.027971447	0.13467395	0.08681784	-0.04450589
-0.15909545	-0.11278929	-0.060908962	-0.013006032	-0.14762188	0.08877917	0.097267054	0.026635079	0.05866359	-0.0878672	0.014562787	0.13566379	0.1652553	0.03381691	-0.07731309	0.024579573
-0.060617883	-0.13453527	0.0989323	0.09568942	-0.10671825	0.043556176	0.11461348	-0.071819976	-0.017948205	-0.10215684	-0.008164767	0.07727468	0.052984763	-0.08689212	-0.05225834	0.06347499
0.037172474	-0.009000002	0.03677806	0.11206224	-0.054634314	0.04554643	0.052947085	0.050012402	0.047117922	-0.032074258	-0.07949742	0.09124809	0.045793056	-0.046789724	0.00869283	-0.073422484
0.11069849	0.05419954	0.08431212	-0.088969864	0.06432333	-0.07960673	0.14702368	-0.06926471	-0.12537794	-0.15915863	0.10241675	-0.01059252	-0.07184712	0.045421153	0.13315806	0.11057842
-0.037527233	-0.08696065	0.053100135	0.077121556	0.07306026	-0.12605554	-0.11924055	-0.04399546	-0.07173543	0.14079691	0.09382057	-0.10440817	-0.09468612	0.12804736	-0.09875593	0.0017891277
-0.057040576	0.06257221	-0.098834835	-0.06712933	-0.13795967	0.09981283	-0.14189571	0.08104888	-0.068717994	0.061645392	0.074658886	-0.002667567	-0.124929756	0.07577144	-0.1386529	-0.09715936
0.02899027	0.054357547	0.027468465	-0.020783247	0.032344315	0.0128681855	0.08259362	-0.060866214	-0.07244543	-0.05336431	0.17677607	-0.022281377	-0.01787309	0.15352644	0.037573617	-0.009030482
-0.11372825	-0.10429881	-0.088462226	-0.079222865	-0.06610277	-0.10314353	0.054269668	0.15452008	0.10781457	-0.1124267	0.050725624	0.11263483	0.07907632	0.13509123	0.10934915	-0.14600085
0.020099025	-0.06057848	0.1187258	0.08015618	0.08369232	-0.05630118	-0.09046016	-0.09200158	-0.10593325	0.011739012	0.052912775	-0.016156953	-0.06461968	0.013528272	0.066883266	0.10217836
0.09612585	0.057235345	0.08104655	-0.10826402	-0.0032719397	-0.074580505	0.07098063	-0.043906666	-0.10336936	-0.054569874	0.065687284	0.05897892	-0.10447021	0.06436206	0.14146882	0.09745747
0.018314771	0.029312603	-0.10994438	0.032733615	-0.028046947	0.028562665	-0.1117422	0.0722802	-0.08739548	0.110036135	0.06541494	-0.043916587	-0.061627794	0.04124013	-0.15725759	0.033185042
0.06251187	-0.023863647	0.04365667	0.037075665	0.11248154	-0.13164899	0.09269092	-0.12835415	-0.02920824	-0.15286046	0.084945135	-0.077791914	-0.04931444	0.06875325	0.10885978	0.052017506
-0.08140958	-0.046816204	0.0534012	0.13895337	-0.020175772	0.10420554	0.050625302	0.052055504	-0.010675556	-0.07732212	-0.12438584	0.05282157	0.12256518	-0.1229553	0.053935938	0.010406428
0.08530571	-0.012442715	0.09233584	0.0015169182	0.024567168	-0.10099171	0.04867998	-0.12784621	-0.0695638	0.014250528	0.14354132	-0.07936707	-0.16035055	0.028975908	0.10465854	0.06226722
-0.098930314	-0.032799136	-0.14042693	-0.07196695	-0.08190529	-0.08107087	0.11524681	0.064552434	0.09186934	-0.04762365	0.13502982	0.13180885	0.122455664	0.100671716	0.09162117	-0.102640204
-0.10704502	0.01490273	-0.07761712	-0.1159634	-0.045257792	-0.04750752	0.08346495	0.09083053	0.11158722	-0.11157663	-0.02155188	0.056781556	0.113727406	0.08172798	0.044814702	-0.14656515
0.14346734	-0.04981924	0.12629396	0.005716858	0.1614199	-0.1547086	0.10823658	-0.12351282	-0.11365806	-0.05750837	0.09418762	-0.07476099	-0.13400663	0.08968829	0.18837927	0.14401989
-0.083671816	-0.15821679	0.107423685	0.14322619	0.088261485	-0.14891048	-0.11175626	-0.15357721	-0.0440435	0.16076116	0.09464928	-0.13814402	-0.07929184	0.08625623	-0.090255864	0.015957652
-0.07275738	-0.14853959	0.08417526	0.14066982	0.12085529	-0.13843663	-0.09561596	-0.06278745	-0.051667005	0.13463537	0.02181565	-0.12358405	-0.028684836	0.16129352	-0.15954612	0.022473963
0.011122647	-0.0023032324	0.06849381	0.0152686285	-0.04076929	0.04867685	0.04910901	-0.020566959	-0.024739567	-0.062827244	0.01083687	0.054923397	0.027019722	-0.07182968	0.08836721	0.09311638
0.09857588	0.04867758	-0.080321185	-0.0067572435	0.11746709	-0.08145582	-0.05502353	0.047748815	0.05425135	0.10238208	-0.073439226	0.081778415	-0.08631582	-0.121257275	-0.056489494	-0.089570396
-0.085144706	0.121255994	-0.11728126	-0.024797797	-0.120644264	0.071005054	-0.06717684	0.022548173	-0.06225118	0.09252197	0.11669221	-0.012665881	-0.084001295	0.06258818	-0.081886604	-0.10666527
-0.07339191	-0.05532404	-0.1247815	-0.12997784	-0.09446289	-0.079970054	0.0675141	0.121536255	0.0854383	-0.14184526	0.07339836	0.12573804	0.10677928	0.11449576	0.051614005	-0.06885848
0.060310513	-0.118276514	-0.12971097	0.08393778	0.12605563	-0.10972948	-0.08513691	-0.049196288	-0.058338515	0.1261796	-0.15056734	-0.116988614	-0.11681114	-0.12001706	-0.1393832	0.14377019
-0.047420617	0.048998583	-0.08015426	-0.11120691	-0.065784976	0.06321606	-0.10529424	0.115429975	-0.12705246	0.12571795	0.1084174	0.007307197	-0.07839779	0.06417001	-0.058649555	-0.11063133
0.08537736	-0.039464712	-0.062317703	0.06538785	0.041647144	-0.095259875	-0.008515946	-0.11209998	-0.113119505	0.005729087	-0.02751127	-0.1315139	-0.09263564	-0.00018093127	0.0059200227	0.12619705
-0.090333514	0.06042924	-0.02724933	0.0060383906	-0.04444397	0.089967094	-0.07753112	0.0013400438	-0.12703866	-0.04062402	0.05569081	0.09478535	0.029932331	-0.06267377	-0.13039024	-0.028370054
-0.1082612	-0.08386191	-0.09038699	-0.06112086	-0.10959717	0.10657725	0.111675344	0.07586776	0.03632986	-0.06522255	-0.07916128	0.0038079673	0.12333741	-0.047214266	-0.074258745	-0.02340876
-0.07206549	-0.02009816	-0.11537458	-0.11580178	-0.11868339	-0.13845325	0.0696584	0.05483726	0.10843744	-0.082850516	0.10012689	0.11466542	0.059404995	0.0803564	0.06651382	-0.10632833
0.012314427	-0.06760963	-0.022832023	0.025873788	-0.029256117	-0.0753353	0.051311277	-0.060301982	-0.04678793	-0.06692258	0.0055237804	-0.02432742	-0.029847642	-0.021188045	0.03302858	-0.048441086
0.03441853	-0.082970425	-0.07267782	0.08702095	0.14392151	-0.08560917	-0.10480584	-0.13612118	-0.071440674	0.119819686	-0.13848428	-0.11626607	-0.05502858	-0.13126047	-0.13296153	0.111959375
0.07984576	-0.079250954	0.09283989	0.024314817	0.06848418	-0.06008523	0.093084	-0.113593735	-0.06073904	-0.09016137	0.08640106	-0.06593157	-0.0059243524	0.1489215	0.100817814	0.08257791
0.06294259	-0.042732064	0.07173905	0.008724805	0.02755071	-0.0046816715	0.00917681	0.029872019	-0.064182155	0.042311218	0.1260923	-0.01232924	-0.0680233	0.061019167	0.047707465	0.058681354
-0.111275055	-0.11125357	0.06297798	0.06133299	0.062169816	-0.11219179	-0.078074455	-0.109206565	-0.062884815	0.08244012	0.017378755	-0.12691921	-0.05971727	0.12584615	-0.099503614	-0.02187187
-0.093499735	0.14068098	-0.122096956	-0.09375937	-0.098938964	0.121121995	-0.106944695	0.07997699	-0.11550095	0.08113739	0.1160401	-0.057900276	-0.084537305	0.008620814	-0.0932511	-0.08159421
0.05526346	0.02008298	0.033551626	-0.02491209	0.033785217	-0.017736128	0.07338648	-0.06556921	-0.054934956	-0.121892385	0.04718195	-0.045102347	-0.09919427	0.007344613	0.10492141	0.10719952
-0.035129063	-0.055951912	-0.005435949	0.1263912	0.091895826	-0.105879255	-0.10233439	-0.11844381	-0.09157089	0.094512254	0.025213733	-0.14434294	-0.032162193	0.03633325	-0.06993587	0.09546229
0.045189906	-0.07458905	0.111925624	0.033741646	0.023774164	-0.02420686	-0.031559523	-0.035391577	-0.118030615	0.007918415	0.050568704	-0.044728093	-0.041041013	0.060090527	0.032710727	0.028395478
0.06835446	-0.083918646	-0.004953536	0.112558715	0.10800121	-0.11250514	0.017045515	-0.038106926	-0.0336686	-0.022365438	-0.044087358	-0.097992636	-0.07847569	0.03505932	-0.031175686	0.08398995
0.06275719	-0.030593744	0.090479	0.083734356	0.09939386	-0.12107827	0.13634863	-0.063299395	-0.090381555	-0.11967676	0.05868674	-0.10360425	-0.10773749	0.111048594	0.092048496	0.066463724
-0.10365391	0.08389262	-0.116481274	0.030807989	0.021554476	0.09680865	-0.084644906	0.13283062	-0.016780827	0.03958548	0.05094633	0.03676465	-0.11270386	0.009818191	-0.052397244	-0.08879166
0.078731716	-0.07328721	0.09193004	0.04910055	0.08383846	-0.07585041	0.13886133	-0.12629448	-0.083295494	-0.13459504	0.07503201	-0.10938511	-0.12651792	0.05305543	0.17180069	0.042408053
-0.059807215	0.13088045	-0.072998405	-0.08504694	-0.027089061	0.07250334	-0.08240758	0.111627236	-0.027869577	0.116957925	0.0118215345	-0.014898855	-0.109302014	-0.0074191242	-0.092285305	-0.10271242
0.069079384	-0.061952055	0.07035044	0.1308127	0.10351902	-0.09032956	0.09679085	-0.109604746	-0.07995202	-0.12512408	0.1387979	-0.12479644	-0.050281208	0.16586193	0.13220602	0.042379744
0.031630896	-0.10469773	0.023641843	0.06830908	0.05895248	-0.11051038	-0.07301022	-0.16926864	-0.15117188	0.15629166	0.045598328	-0.17110376	-0.058990974	0.011433963	-0.07299659	0.079530574
-0.097552955	0.10984117	-0.13454287	-0.0737769	-0.11999078	0.08447224	-0.12348877	0.027498448	-0.070070155	0.11498708	0.06448447	-0.020400433	-0.107125364	0.013754221	-0.1418967	-0.09612116
-0.062910505	-0.07965825	-0.051691238	-0.11252662	-0.07306981	-0.10436621	0.05318435	0.10969165	0.07159862	-0.0905748	0.07959667	0.097250186	0.06766716	0.13344128	0.04507026	-0.07254712
-0.013514402	-0.0608335	-0.012057843	-0.07145431	0.047005884	-0.086390674	0.059342902	0.015368567	0.046694115	0.013108887	-0.012341556	-0.04568546	0.030882312	0.0313682	0.0810041	-0.061466917
0.028058913	-0.10853551	-0.09147946	-0.053171027	-0.013470932	-0.094965465	0.07285471	0.007880187	0.10150558	-0.02102221	0.09040576	0.03827568	0.11338278	0.11102993	-0.029546952	-0.12325836
0.09828578	-0.08699584	0.05085743	0.104188986	0.12172961	-0.12761141	0.0080693355	-0.13330956	-0.025846489	-0.048546057	-0.062454063	-0.060532805	-0.08567526	-0.029675389	-0.0027601742	0.07740636
0.086587176	-0.07318989	-0.1263081	0.050263498	0.065718606	-0.072743945	-0.120007664	-0.06113884	-0.12148414	0.104001224	-0.051347584	-0.037785873	-0.03524143	-0.10300458	-0.12363719	0.13178283
0.013727804	0.080846645	-0.04502619	-0.090880565	0.048062228	0.024151875	-0.10446831	0.056085065	-0.029038161	0.094532445	-0.021240337	-0.005611767	-0.05179911	-0.07189483	-0.08003554	-0.104428425
0.07740754	-0.096006006	-0.1438502	0.08758549	0.1480228	-0.07173755	-0.08109258	-0.105459854	-0.046917804	0.093349054	-0.082735874	-0.09962069	-0.056683555	-0.07996524	-0.1618883	0.13091823
0.02089199	0.043861635	-0.03138956	0.03170148	0.12911868	-0.12271447	-0.12836099	-0.010549902	-0.0020189728	0.09475301	-0.093736686	-0.0028573314	-0.08477531	-0.010950191	-0.09610792	-0.053020682
0.09934002	-0.114898965	-0.07171708	0.115395404	0.11784477	-0.101830184	-0.104119405	-0.02952228	-0.030732738	0.08745144	-0.09461554	-0.12674654	-0.057383034	-0.10730234	-0.10604465	0.053729914
0.11066632	-0.07954667	0.13694698	0.0996378	0.10633439	-0.13093354	0.10576248	-0.080177605	-0.008930026	-0.13803948	0.10573297	-0.033233926	-0.05294281	0.11952767	0.09208873	0.015929915
0.0698399	0.06667128	0.124213755	-0.13497855	-0.01903655	-0.028846046	0.038911734	-0.01851378	-0.035796225	-0.07489149	0.09986451	0.057089753	-0.07477028	-0.025748832	0.13868086	0.0367547
-0.09051496	-0.09937044	-0.079540186	-0.06591338	-0.09107247	-0.13744327	0.12958683	0.12816136	0.074199006	-0.05597417	0.14084421	0.10647714	0.12792729	0.065836765	0.058408707	-0.06447201
-0.15164436	-0.12385671	-0.13257347	-0.113955475	-0.08728229	-0.091517806	0.07914271	0.066941135	0.081254706	-0.09229366	0.15000199	0.1379573	0.13899149	0.10721562	0.00015593576	-0.047291152
-0.06964748	-0.09060959	0.084625155	0.05858979	-0.09502123	0.092515334	0.055354144	0.030040078	0.015336524	-0.02764854	-0.11291845	0.014485305	0.05533343	-0.037977293	0.08806933	-0.036368262
-0.03736546	-0.092365436	0.029583951	0.12021857	-0.0053702453	-0.018369684	-0.04741149	-0.08241269	-0.08884602	-0.040378843	-0.049409512	-0.014850628	0.042767372	0.018555546	-0.12704131	0.11667951
0.027848301	-0.094715215	0.044011854	0.046773404	0.0018214934	0.018457113	-0.0824174	0.06568581	-0.036543116	0.024300937	-0.15462233	-0.01996482	0.06421846	-0.08146734	-0.02772377	0.057541348
0.08209428	-0.12728551	-0.15333678	0.10753532	0.09652285	-0.03432829	-0.14172255	-0.14116044	-0.0665587	0.07832498	-0.081768356	-0.10812201	-0.07328512	-0.097126886	-0.092064396	0.09415858
0.024638774	0.070775904	-0.11475638	-0.073730275	0.026109572	0.0154543	-0.12639816	0.064535215	0.03549158	0.07022081	-0.0329882	0.036409654	-0.0349807	-0.06341548	-0.0752064	-0.04735255
-0.02511952	-0.05513653	0.08094314	0.07129978	0.12442886	-0.10027727	-0.07577397	-0.122734755	-0.05474137	0.06462612	0.015796917	-0.046306603	-0.043387268	0.11120191	-0.049564186	0.04499008
0.08571455	0.08307959	0.057114925	-0.14313659	-0.035646413	-0.044102922	0.09919608	-0.035870712	-0.122195356	-0.10793704	0.13083881	0.020975769	-0.12068177	0.022684889	0.14657539	0.06232124
0.11969102	-0.05637359	0.13970375	0.15770847	-0.102605075	0.08233782	0.011863166	0.12328163	0.08108048	-0.070754856	-0.1272971	0.08033563	0.06712612	-0.15660325	0.11808418	-0.028402118
-0.09145195	-0.14885102	-0.019174969	0.078070365	-0.10150165	0.08357247	0.1172146	-0.14205486	0.03260406	-0.1568136	-0.07381399	0.08489813	0.14251143	-0.14319971	-0.090885654	0.08206322
0.08191952	0.06413549	0.078484304	-0.077963114	0.047484323	-0.024304328	0.11754712	-0.019591747	-0.07403755	-0.09615893	0.09068101	0.04329419	-0.04051835	0.045809537	0.039537337	0.067619026
0.0019435469	-0.12689483	0.1411358	0.13185422	-0.0590503	0.16004378	0.06598145	0.05295928	-0.0130744185	-0.11776161	-0.17345469	0.08230872	0.08691148	-0.13469218	0.05437044	-0.05943963
0.12840092	0.0951973	0.07874058	-0.113455415	-0.03570837	-0.05834787	0.09833486	-0.0014420154	-0.09034618	-0.10530762	0.12088301	0.06990127	-0.08298964	0.0060924334	0.072142206	0.06488438
-0.10509789	-0.08273278	-0.08703037	-0.042843435	-0.1070094	-0.14224736	0.11572141	0.12569652	0.1389136	-0.14210424	0.09599083	0.1271074	0.13009623	0.10515657	0.09721824	-0.08249773
-0.10686538	-0.04967183	0.038191374	0.07144124	-0.089384496	0.033078514	0.05277765	-0.12454212	-0.10813797	-0.038150325	-0.07761804	0.10180495	0.036079526	-0.060052253	-0.07686552	0.09422387
-0.07836994	0.11386301	-0.124640875	-0.06621673	0.043229386	0.06584429	-0.06674316	0.1278805	-0.045004435	0.10603973	0.0123812	0.0069706975	-0.06442675	-0.006480868	-0.089216605	-0.07361022
-0.051522456	0.027777724	-0.03606818	-0.05047606	-0.074015565	0.008727265	0.035436176	0.045344494	0.058019597	-0.067984104	-0.104415506	0.0033367793	0.08250145	0.0926648	0.0012586729	-0.122654274
-0.04797315	-0.09373602	-0.037279405	-0.06422631	-0.057080988	-0.08452806	0.048513345	0.065607205	0.09707735	-0.055374946	0.14349294	0.13328996	0.11403204	0.100047715	0.12653817	-0.079038635
-0.07481426	-0.11118541	-0.07031164	-0.09945064	-0.087875225	0.09491028	0.11071897	0.101900056	0.14578988	-0.098544545	-0.090982385	0.037504006	0.05093825	0.07488854	-0.028803604	-0.12864245
-0.07545321	0.13856861	-0.06086133	-0.074490204	-0.042765014	0.065671116	-0.050081294	0.0502277	-0.13930121	0.12984903	0.034602005	-0.030493872	-0.042786013	0.08944823	-0.10961295	-0.08736658
0.08047534	-0.06218596	0.06598238	0.0592459	0.013850841	-0.06619768	0.12102254	-0.058787767	-0.026972383	-0.1404807	0.1182352	-0.066142276	-0.046571244	0.0844978	0.10957981	0.022084448
-0.023808818	-0.048652105	0.091964625	0.08649041	-0.05682361	0.08639176	0.044981048	0.034201737	0.065925345	-0.081722096	-0.020707779	0.08053752	0.010682365	-0.015803762	0.07482775	-0.036642987
0.07216758	-0.018306931	0.050141584	0.13013916	0.04286215	-0.12184154	0.15499315	-0.07910931	-0.046514325	-0.1436527	0.10442319	-0.12701485	-0.045575473	0.10424508	0.11163614	0.13203558
-0.06320078	0.08710295	-0.043205887	-0.04407072	-0.12159758	0.07938048	-0.12412548	0.04151527	-0.092519805	0.124172956	0.065864	-0.013200745	-0.082139485	0.022365114	-0.10737825	-0.11706016
-0.023932097	0.036469635	-0.014834294	-0.07351841	-0.08150319	0.017098907	-0.10181093	0.036034495	-0.08103551	0.037992027	0.096562065	0.004326564	-0.023275198	0.00693835	-0.10287986	-0.015995942
-0.03006382	-0.07241709	0.0662735	0.08280077	-0.018148925	0.055785052	0.026779447	0.06399787	0.063461006	-0.056838952	-0.035597034	0.100945055	0.016116016	-0.045675937	0.04179391	-0.06702982
0.06749344	-0.048860796	-0.10216216	0.0036727346	0.029492278	-0.049535073	0.052530963	-0.09724351	0.021175187	-0.024465516	0.0055907965	0.033248264	0.060861968	0.0045278277	-0.069384076	-0.07159539
-0.098373204	0.06678901	-0.038521994	-0.09274795	-0.013732164	0.06783438	-0.045786705	0.0048108413	-0.09936864	0.014052791	0.079879574	0.02342186	-0.04106403	-0.007252602	-0.04501864	-0.054848794
0.1296675	-0.031560767	0.09838267	0.09438774	0.12782809	-0.08984362	0.08129202	-0.0839313	-0.05549983	-0.12267473	0.107225366	-0.03661372	-0.014706289	0.09717735	0.076019354	0.11736661
-0.05497755	-0.025308985	-0.035882883	-0.12062374	-0.025217455	0.041034866	0.03495881	0.07374222	0.0768406	-0.026711099	-0.0050977827	0.013268448	0.09014641	0.07983822	-0.03406318	-0.03700746
0.060725406	0.066938736	0.021061288	-0.07674125	-0.1242667	0.038559046	0.08936468	0.07588789	-0.06526384	-0.092981204	0.12254538	0.10722377	-0.040998988	-0.058291055	0.1434586	0.04465651
-0.04101947	0.055772413	-0.08034884	-0.029173505	-0.050675157	0.060206287	-0.010457656	0.08972576	-0.012778834	0.08525853	0.07484329	-0.0009598108	-0.08474405	0.018841632	-0.068099715	-0.058578778
-0.008649211	-0.10095666	0.07996056	0.06526354	0.043033164	-0.10137318	-0.09713995	-0.008581355	-0.03790544	0.080269665	0.09331177	-0.07323323	-0.0122736115	0.020174032	-0.029726041	0.012453194
-0.07067968	-0.07005243	0.05077089	0.06799289	0.08575505	-0.074722685	-0.08763321	-0.016417643	-0.024397654	0.025530783	0.015493893	-0.06273662	-0.067350745	0.08994983	-0.06423757	0.040161856
0.040653467	0.046742093	-0.057637744	-0.019126039	0.08185572	-0.076514564	-0.043181032	0.0050114985	0.09436569	0.03611892	-0.051712938	0.02479957	-0.061931394	-0.034145456	-0.0682686	-0.10321315
0.10093399	0.104830004	0.11852313	-0.09339044	-0.12790735	0.11079922	0.06789352	0.07376046	-0.06747053	-0.05270682	0.0825448	0.07560263	-0.0840337	-0.06570674	0.10236422	0.110315174
-0.12127549	-0.075852156	0.05446929	0.07283725	-0.10788363	0.037050713	0.09931527	-0.098280355	-0.027211027	-0.071959704	-0.054660186	0.04644485	0.034171756	-0.07612003	-0.07514192	0.11270269
0.09363701	0.097465545	-0.05025772	-0.046678394	0.11440312	-0.13322651	-0.11549727	0.12674285	0.088900276	0.09097807	-0.122535236	-0.020211184	-0.08376023	-0.04409393	-0.013158702	-0.06463576
0.059205763	0.07274634	-0.070959784	0.022693204	0.015031478	-0.030351633	-0.1251729	0.10121043	0.043597944	0.12575164	-0.0974445	0.09361858	-0.120212026	-0.060445465	-0.04543294	-0.06108535
-0.073765434	0.09516802	-0.036922615	-0.104176596	-0.09876023	0.075686485	-0.10101534	0.06707321	-0.027962612	0.037356596	0.02258575	-0.038636457	-0.033537183	0.05577745	-0.048797954	-0.07023155
0.13181157	-0.010893268	0.071425736	-0.10514611	0.008199903	-0.13890423	0.13234623	-0.050908893	-0.059487123	-0.025886634	0.101878405	-0.1071145	-0.13385257	-0.06572557	0.05720541	0.052099135
-0.10576694	-0.04845711	-0.10617138	-0.06255768	-0.07061411	-0.13251263	0.10623313	0.08555449	0.07613078	-0.055878203	0.036674242	0.06343049	0.10609758	0.1114565	0.053661972	-0.115872875
-0.077202395	-0.11463293	-0.04762002	-0.08238002	-0.12661906	-0.070461094	0.116168335	0.09972275	0.06473501	-0.13364378	0.10673893	0.11017258	0.080692455	0.04694636	0.03982727	-0.06652916
-0.07916338	0.006269736	0.07861634	0.06912453	-0.06713592	0.08619034	0.034373466	-0.031158932	-0.051245116	-0.10280392	-0.0050741103	0.047252726	0.017380938	-0.06731111	0.024680996	0.012490829
-0.021053234	-0.09826028	0.02447886	0.063898325	0.0981311	-0.077197924	-0.047336195	-0.093341306	-0.045139987	0.08810533	0.041837502	-0.09003682	0.014268408	0.09715546	-0.06347329	-0.0012527775
-0.06793576	-0.07206528	-0.09969305	-0.08940062	-0.09346478	0.016542466	0.10206476	0.04523244	0.061003104	-0.05095784	-0.032750748	-0.025622273	0.037002765	0.080943406	0.04669985	-0.092315584
-0.11773673	-0.008396421	-0.1021862	-0.10628384	-0.043255482	-0.044653695	0.118387856	0.077180944	0.08437284	-0.08941847	0.056058016	0.098905295	0.10342938	0.04498202	0.0065943883	-0.08437902
0.113534205	-0.08530176	-0.02430409	-0.05542532	0.06299819	0.0022781533	0.0986261	-0.0915422	0.06986933	0.09303892	0.07215481	-0.022941122	0.02612789	0.03262278	-0.054870114	-0.07474598
-0.1284553	-0.067423165	-0.059840146	-0.07250145	-0.047981802	-0.09299173	0.11889819	0.09737264	0.08001185	-0.05848368	0.1042645	0.06766124	0.072363436	0.037820015	0.0515484	-0.06968831
0.009060075	0.046734072	-0.018312829	-0.048902437	0.015363962	-0.09081741	-0.066782065	0.085179664	0.041457575	0.09377917	-0.08484096	0.08315711	-0.088974655	-0.028015036	0.0043822285	-0.026315114
-0.09976503	0.078277834	-0.07146652	-0.024027266	-0.0512314	0.05508282	-0.105373025	0.06065272	-0.08010691	0.06211811	0.04764072	-0.033353005	-0.024061691	0.05406966	-0.09598001	-0.047180615
-0.03694497	-0.03332391	0.027449736	0.014765554	-0.027939884	-0.07423102	0.022825168	-0.08531819	-0.08049337	0.004522462	0.02571367	-0.02579951	-0.086013906	0.046764016	0.07860566	0.060071185
-0.10589346	-0.034742583	0.094437145	0.030245231	-0.07196517	0.027988194	0.036837842	-0.02127525	-0.062225055	-0.10251817	-0.033985622	0.10999594	0.08524487	-0.097316	-0.06267881	0.06687177
0.041009787	-0.024374738	0.03371744	0.053254217	-0.09785137	0.050974593	0.013990797	0.07662727	0.034159854	-0.032294717	-0.10222027	0.025522111	0.026515745	-0.05852424	0.032665648	-0.046748985
-0.025829593	-0.023206256	0.012474392	0.10171684	0.11389532	-0.08127881	-0.05671969	-0.012826059	-0.014470358	0.058495414	0.019963589	-0.02466058	-0.051550247	0.04107207	-0.06589007	-0.012434503
0.114423424	-0.024155227	0.15180345	0.06907163	0.080808945	-0.06804339	0.152028	-0.0661568	-0.060971852	-0.09899874	0.1105913	-0.12591751	-0.060768366	0.10743176	0.08849079	0.0954712
-0.009035343	0.039838966	0.094658084	-0.06009698	0.0024170433	0.015325538	0.0004694297	-0.081306286	-0.03333736	-0.08970096	0.02960455	-0.05808991	0.007913577	-0.08438457	0.094117425	0.024244403
-0.08675185	-0.05341842	0.033377282	0.030132562	-0.03606322	-0.019730628	0.07651466	-0.06606199	-0.075038716	-0.023094779	-0.0064317966	-0.094940186	-0.067882545	0.016393052	0.0332778	0.02709664
-0.0033948168	0.014616495	-0.10943187	-0.16260569	-0.012611132	-0.054780178	0.098975085	0.1325569	0.14391592	-0.050771233	-0.09932625	-0.0766746	0.0932949	0.12867807	0.10769111	-0.1017611
0.052459475	0.09209337	-0.060046382	0.006344675	0.085487895	-0.07939474	-0.010061854	0.026820417	0.07388704	0.06616193	-0.10408816	0.08934178	-0.087219715	-0.06795387	-0.019923579	-0.070813395
-0.105105996	0.0625946	-0.050088957	-0.039541706	-0.047195602	0.060313836	-0.03668572	0.03861122	-0.10395434	0.12279469	0.11014336	0.037242386	-0.07811399	0.06294854	-0.10499161	-0.09932825
-0.014196408	-0.02886087	0.041195575	0.09844858	0.10933903	-0.04289851	-0.07171686	-0.029968614	-0.04943554	0.049531277	0.093118824	-0.10296834	-0.010075028	0.06358662	-0.04075339	0.0063633425
0.033859357	-0.040326327	-0.011977653	0.06485161	0.118764	-0.07577521	-0.1285111	-0.008900439	-0.098138526	0.07911126	-0.055215165	-0.062490795	-0.11227409	-0.07767049	-0.079087734	0.09839176
0.08670406	0.04949178	0.05383927	0.0549457	0.005913841	-0.11187686	0.1389753	-0.06206252	-0.010141524	-0.12304853	0.08114391	-0.020305594	0.043436415	0.09819582	0.07789429	0.02287157
-0.11450003	-0.06652669	-0.10588806	-0.12807801	-0.12784423	-0.09174098	0.05865769	0.04773949	0.13274108	-0.066764414	0.03458628	0.02575877	0.053212725	0.10274604	0.008453088	-0.071655765
0.08723601	-0.06917757	0.08834392	0.10159777	0.12251902	-0.082662456	0.13069423	-0.046024337	-0.0867951	-0.07104053	0.12733334	-0.124908924	-0.06352187	0.1070897	0.10348865	0.03455722
0.09070074	-0.05348599	0.10234358	0.084250525	0.09600808	-0.05146527	0.05743721	-0.10112975	-0.043484643	-0.11788301	0.13100255	-0.12116409	-0.07295607	0.11007358	0.15495107	0.07064659
0.12594347	-0.079334274	0.12017272	0.08528699	0.118596934	-0.05930801	0.15298468	-0.11228068	-0.045126308	-0.09704205	0.08039614	-0.052730516	-0.028600015	0.10777432	0.07021598	0.09746518
-0.046054628	-0.11341025	-0.08763456	-0.048823424	-0.097391605	-0.07851868	0.055614512	0.106225625	0.11209915	-0.054777984	0.086150676	0.032523327	0.13693698	0.08843082	0.036105037	-0.071078405
0.022332389	0.08938911	-0.044478722	-0.017225616	0.055275016	-0.10507995	-0.08999468	0.09622444	0.014542593	0.037161004	-0.041477386	0.012633101	-0.027693406	-0.01690591	-0.051469475	-0.06391012
0.055864714	0.06808823	0.05842372	-0.118848875	-0.0692246	-0.017068924	0.07690966	-0.027365366	-0.09479962	-0.030703064	0.10268614	0.044326477	-0.041880272	0.0050502266	0.058978416	0.0804922
0.04899299	-0.06721584	0.10270216	0.08497567	0.04613269	-0.08526718	0.052802037	-0.05849137	-0.037717514	-0.03130755	0.059765566	-0.07341531	-0.07479335	0.13505751	0.06493458	0.011789737
-0.014787043	-0.10369098	0.014948381	0.07745762	0.086711444	-0.06464325	-0.07325491	-0.07673944	-0.076842114	0.07268	0.0055478085	-0.058851805	-0.013401373	0.050713036	-0.07473826	-0.002238035
0.09175645	-0.062533036	-0.079075895	0.05719036	0.046772473	-0.0803481	-0.09519529	-0.04299701	-0.030514931	0.086409114	-0.03033841	-0.028467847	-0.026947862	-0.08274731	-0.072445326	0.034841627
0.0831494	0.026636982	0.10360308	-0.0958344	0.055110008	-0.039739512	0.07708231	-0.059220925	-0.074266374	-0.111225076	0.02117556	0.02449596	-0.04188755	-0.005766291	0.07145684	0.026039045
0.07395822	-0.08386069	0.10417031	0.020566802	0.016704433	-0.07576112	0.12009878	-0.098251484	-0.02838927	-0.066644795	0.10915687	-0.06950349	-0.071785375	0.09991578	0.059923396	0.024383213
0.039094444	-0.03440247	-0.050683152	0.08443032	0.087726705	-0.05823236	-0.0998071	-0.017989606	-0.06960273	0.040672597	-0.118638635	-0.065173455	-0.06231737	-0.06430791	-0.06472737	0.10104086
-0.09631621	-0.06168059	-0.08200415	-0.077508144	-0.12467945	-0.06726349	0.096889526	0.06181411	0.07322631	-0.08441461	0.12100141	0.033177584	0.10515604	0.07456472	0.123637676	-0.08295885
0.023081245	0.0698949	-0.10106491	0.016826132	0.016318215	-0.04132598	-0.0381662	0.07607649	0.07617003	0.06360128	-0.020287814	0.05690974	-0.046864577	-0.08355184	-0.027647883	-0.067725986
-0.051385067	0.06719794	-0.041769646	-0.08950753	-0.031016061	0.11464843	-0.09333292	0.07558739	-0.10083722	0.09953961	0.06262288	0.10380732	-0.02434115	0.09831641	-0.12148928	-0.095151596
-0.11263845	-0.02628521	0.12084429	0.052152675	-0.04604326	0.11518283	0.046350922	-0.09621846	-0.01164181	-0.077591926	-0.051513474	0.09075943	0.06595301	-0.11200656	-0.031433173	0.1011022
-0.006178196	-0.066943794	0.10679277	0.089118585	-0.08483121	0.069749825	0.0006927476	0.095671654	0.08916302	-0.059254523	-0.022634037	0.058707528	0.08873082	-0.0746507	0.07756983	-0.028620794
-0.057251394	0.11696555	-0.054271154	-0.035671003	-0.07309066	0.11855703	-0.09887198	0.08562892	-0.11047265	0.0574801	0.12454248	-0.016348442	-0.10596297	0.031202432	-0.10961854	-0.069907665
-0.117451146	0.090824716	-0.06504664	-0.10853879	-0.101558775	0.08471177	-0.1212735	0.03608904	-0.0669231	0.05212996	0.11056711	-0.052950937	-0.111130804	-0.0075292303	-0.11371665	-0.030072967
-0.034591198	0.0636353	-0.095257714	-0.056284394	-0.04033562	0.053763136	-0.0346279	0.06476314	-0.10522734	0.026011692	0.04129298	0.06649878	-0.09419806	0.055578783	-0.06747551	-0.08036614
-0.06511253	0.009004855	-0.013838509	-0.039060064	-0.034492787	0.051153634	0.06961784	0.076143	0.04916644	-0.031703785	-0.030986965	-0.044456735	0.009831685	0.067781314	-0.022690604	-0.080770604
0.029434523	0.047073506	0.015538377	-0.06435961	-0.10104228	0.0065696924	0.09970261	-0.038603343	-0.019672314	-0.07616006	0.05383864	0.057172034	-0.0648532	-0.023883164	0.09704039	0.06159058
0.059145667	-0.077389345	-0.07553153	0.05055077	0.098306164	-0.034309477	-0.13663037	-0.10850811	-0.052674185	0.07617614	-0.077021465	-0.054026112	-0.08433122	-0.11263434	-0.05752522	0.13700917
-0.06866816	-0.008655318	-0.059642676	-0.07130771	-0.018548248	-0.020353207	0.11109948	0.13475972	0.055411167	-0.05223076	-0.041412182	0.029547527	0.09520513	0.07192074	-0.002866751	-0.08571913
0.028349979	0.06570139	-0.096287	-0.009494092	0.074778415	-0.03060576	-0.09105149	0.035276566	0.049441345	0.04451607	-0.06776984	0.0063595055	-0.062016234	-0.032726664	-0.029417984	-0.0380741
0.005309286	0.036263723	-0.02927063	-0.049580127	0.08890982	0.04326971	0.10381137	-0.08098569	0.037550204	-0.0039317566	-0.06886798	-0.06771568	0.103373155	0.057775065	0.08353535	-0.06819883
0.021567337	0.09491786	0.0449702	-0.09561451	-0.030084489	-0.030526055	0.11376641	-0.053609144	-0.055060316	-0.10129169	0.045280695	-0.015934883	-0.04485032	-0.010957643	0.08266619	0.04017828
0.105210364	-0.08639219	-0.13661933	0.06543021	0.116147734	-0.067820065	-0.11094172	-0.07891254	-0.124788485	0.08613562	-0.097589955	-0.123952694	-0.04058309	-0.07863391	-0.077085875	0.10658847
-0.067094885	-0.0012695977	-0.0938271	-0.068908036	-0.06835207	0.042216852	0.082197174	0.10130841	0.054668974	0.0005687742	-0.02188272	-0.03226896	0.011960332	0.032942224	-0.0005866994	-0.04203081
0.022311566	-0.084675886	0.06640439	0.06262435	0.060110804	-0.09325787	-0.031985	-0.0858368	-0.101836905	0.09354928	0.010465344	-0.07270846	-0.06482371	0.03413332	-0.111506574	-0.0060615204
0.08312235	-0.043435916	-0.10813538	0.06686755	0.018489858	-0.06825082	-0.117018335	-0.09538313	-0.054176465	0.08625736	-0.11536642	-0.04085827	-0.025682388	-0.077351764	-0.08144773	0.044555184
-0.10603041	0.120153844	-0.08176494	-0.04419891	-0.06468009	0.10291409	-0.105044745	0.06848662	-0.11899651	0.0935037	0.10925576	-0.025866412	-0.10700709	0.04725525	-0.12094449	-0.094783306
-0.009164406	0.016621878	-0.05538967	-0.056388013	-0.10405791	0.028002761	-0.04665103	0.089494325	-0.06476696	0.0224727	0.01914004	-0.01601987	-0.06923543	0.06705036	-0.05331794	-0.06944691
-0.08249577	0.09618417	-0.12995459	-0.036819458	-0.1098837	0.11275018	-0.047992956	0.063581325	-0.12707248	0.104700804	0.07711124	-0.024368245	-0.13305674	0.010419413	-0.086820915	-0.099665195
0.019020937	-0.049750187	-0.009487601	-0.013151155	0.05761168	-0.01639493	0.06596823	-0.008658187	0.08456432	0.06049276	-0.06951611	0.021240506	0.051213462	0.0834156	-0.083456576	-0.018269228
-0.09374467	-0.06658982	0.029862437	0.037812173	-0.087112315	-0.09455875	0.012156203	-0.029028267	-0.030025082	-0.018266097	0.05375602	-0.07080648	-0.022611968	-0.00015834451	0.061385594	0.025768993
-0.054075055	-0.10488553	-0.006998011	0.03048739	-0.08366889	0.04184044	0.051499344	-0.099519424	-0.06584515	-0.04685169	-0.0084262015	0.034677763	0.08720688	-0.096823335	-0.08998245	0.015239372
-0.012846892	0.0067506596	0.06986509	0.07340042	-0.079491325	0.036697816	0.055435076	0.07419828	0.035382807	-0.044077907	-0.090831235	0.04282519	0.060306583	-0.111682266	0.06905198	-0.028722351
0.046114076	0.08560148	0.050920505	-0.12586376	0.0007147563	0.013154764	0.097039394	-0.040796764	-0.058621414	-0.09898887	0.11100937	0.084705114	-0.06352707	0.007749213	0.043602888	0.028296437
0.030825071	-0.07090934	0.022763355	0.08852051	0.100201465	-0.029074268	0.06784069	-0.09674404	-0.06798113	-0.077543035	0.09827676	-0.107675515	-0.04800141	0.08952926	0.06596327	0.048818223
0.058516227	-0.12468569	-0.066298865	0.061994098	0.08554939	-0.089825206	-0.123696566	-0.055971608	-0.06863033	0.13440795	-0.11227114	-0.10129141	-0.1093979	-0.07183746	-0.12214136	0.061757356
-0.011076394	-0.039776348	-0.055661153	-0.061264	-0.06814087	-0.017603766	0.020409768	0.08775399	0.013584807	-0.012929699	-0.0686973	0.01366384	0.042377487	0.10742685	0.025010763	-0.043113813
0.12161661	-0.034294713	0.07668598	0.06676297	0.08240935	-0.051944498	0.14236005	-0.14277561	-0.055964235	-0.1441514	0.07273665	-0.0839523	-0.026134295	0.13547227	0.06881006	0.049963936
-0.07498933	0.10247136	-0.07220462	-0.07633262	-0.04752961	0.038929015	-0.058311913	0.026905641	-0.07501844	0.04366857	0.042650767	-0.051127523	-0.035487693	0.010232321	-0.06518545	-0.03543506
-0.10707374	-0.05931721	-0.098429844	-0.06049869	-0.08230459	0.053617634	0.05649894	0.14813432	0.12066429	-0.081019066	-0.0943387	0.049348343	0.08228481	0.1152226	-0.009137039	-0.071169496
0.048176013	0.06924152	-0.066216044	-0.036395416	0.06313244	-0.071040556	-0.0035917948	0.043108776	0.010386145	0.021416053	-0.0457807	0.030080171	-0.02914419	-0.057713516	-0.04582933	-0.020680077
-0.08465889	-0.012764329	0.07307267	0.043578986	0.07467229	0.004322376	-0.09774032	-0.038866255	-0.058641355	0.09539893	0.063220106	-0.06819118	-0.051913973	0.046655	-0.112583384	-0.054676563
0.0870585	-0.08102693	-0.07389986	0.07765006	0.09463196	-0.06313848	-0.08346842	-0.057661217	-0.08192328	0.104717866	-0.10210543	-0.082846895	-0.09473505	-0.08993078	-0.04544444	0.10118514
0.05940228	0.020674873	-0.012855635	-0.027492795	0.06884419	-0.06808933	-0.06137993	0.028766004	0.034950282	0.07772184	-0.0900006	0.0034271518	-0.07905198	-0.09367603	-0.0013548781	-0.024034796
0.0024439432	0.045587547	0.006680735	-0.075542144	0.08284345	-0.026678666	0.07705453	-0.054493457	-0.041197687	-0.024281152	-0.014907664	-0.008525707	0.032623358	-0.051331166	0.09538039	0.088007264
-0.028352004	-0.034997135	0.033288598	0.08870121	0.073935755	-0.096158154	-0.0672341	-0.092904635	-0.010106769	0.09097839	0.0366596	-0.09922338	-0.0026654664	0.06441117	-0.058905736	0.057817943
0.048559453	-0.06717112	-0.07694148	0.012133757	0.03677184	-0.08425911	-0.114360794	-0.052749842	-0.03605767	0.09057553	-0.055074703	-0.06369038	-0.06705079	-0.10330718	-0.13503236	0.0580773
0.057690315	-0.05409721	0.057601806	0.017050425	0.067223266	-0.09207357	0.045703225	-0.08776436	-0.07536771	-0.12600312	0.10988747	-0.026859878	-0.08125778	0.08725174	0.056436006	0.12732907
-0.029764308	-0.0031714838	0.09203242	-0.067839995	0.06302577	-0.09892457	0.06811529	-0.08530474	-0.03816364	-0.017142111	0.0041290275	-0.089014575	0.027240587	-0.07884175	0.077775925	0.02293646
-0.09791746	0.076583855	-0.05117962	-0.094194256	-0.09483929	0.106989734	-0.076864816	0.04652913	-0.13299635	0.13717467	0.09145486	-0.034369387	-0.04738746	0.0476112	-0.1022235	-0.0482179
-0.103642754	-0.010976252	-0.12427952	-0.054871444	-0.04107812	0.0026949176	0.107313335	0.06672973	0.047808565	-0.011403475	-0.08844614	0.046350945	0.034589976	0.062343147	-0.027224006	-0.06770393
-0.004316388	-0.06323713	0.007773802	0.114942506	0.072521724	-0.05269457	-0.07538713	-0.061812796	-0.06332268	0.06290811	0.03900694	-0.117129125	-0.04034176	0.10676081	-0.020099143	0.03305217
0.025964724	-0.07816153	-0.0871209	0.0672336	0.11596595	-0.0069926144	-0.10262702	-0.03235099	-0.051383663	0.098664835	-0.046923622	-0.09872699	-0.08026316	-0.04422892	-0.06428341	0.036719535
0.03439134	0.0058904495	-0.114463136	-0.014477266	0.06940387	0.0630711	0.020403491	-0.053628776	0.020611508	0.08854498	-0.00602068	-0.042658802	0.06463653	0.053757947	-0.037588835	-0.06910314
0.11165431	-0.07469166	-0.04709589	0.090308756	0.062650464	-0.08288163	-0.07687027	-0.032510504	-0.06890547	0.13672908	-0.12366822	-0.12552416	-0.10051524	-0.09088954	-0.074411266	0.07330994
-0.09080431	-0.08845162	-0.06960073	-0.097767346	-0.081570365	-0.1008176	0.037066154	0.10110158	0.04803361	-0.11673817	0.08526654	0.11802593	0.088432804	0.07035397	0.13438694	-0.05719287
0.028841749	0.039392956	-0.04920846	0.0114565035	0.08112683	-0.06763025	-0.08322007	0.0261292	0.045346074	0.097246036	-0.058437765	0.023816412	-0.03603451	-0.07591575	0.025142489	-0.075351395
0.12840773	-0.092271775	0.117590494	0.11498109	0.10474484	-0.06540909	0.09396798	-0.11472054	-0.023322517	-0.14484471	0.1215003	-0.09251028	-0.079444245	0.08725352	0.110382766	0.08568317
0.037222695	-0.13620314	-0.06367537	0.09499056	0.086040586	-0.09267391	-0.060047477	-0.098980136	-0.08414143	0.07262543	-0.09111962	-0.12570599	-0.06832559	-0.11279279	-0.08236126	0.10806686
0.092676036	-0.032650553	-0.045550432	0.011835437	0.087581396	0.008211225	0.09036848	-0.06244898	0.038781587	0.061394025	0.0022939711	-0.027227271	0.010073641	0.016767511	-0.070276186	-0.013309477
-0.06254337	-0.10297969	0.04228361	0.10669787	-0.06908986	0.11502549	0.069914676	-0.10419294	-0.02172356	-0.11531845	-0.10149014	0.0226573	0.054139055	-0.05602422	-0.057121567	0.074825965
-0.02653802	-0.07445533	0.09189865	0.033944987	-0.022811497	0.012478166	0.018910345	0.036731172	0.014806071	-0.062357236	-0.105278835	0.068233974	0.10491018	-0.11888122	0.04602657	-0.04838031
0.04363401	-0.07084941	-0.057219554	0.029991752	0.12830286	-0.07766101	-0.059355225	-0.067474544	-0.038314324	0.07722055	-0.042448424	-0.047583047	-0.10449896	-0.09213602	-0.07186036	0.09517074
-0.00031059398	-0.02638612	0.021185623	0.058464885	0.068880446	-0.06035743	-0.07359763	-0.04488553	-0.064039685	0.085582234	0.086025044	-0.037759244	-0.012410233	0.08977481	-0.12558076	0.0511226
0.02910237	-0.12013667	-0.076658525	0.024598628	0.08733596	-0.0047689974	-0.068577304	-0.06729082	-0.10770275	0.08747995	-0.053500794	-0.051130254	-0.03188105	-0.13309504	-0.110098116	0.0967604
-0.0673075	-0.006999924	-0.06653599	-0.114707395	-0.060530894	0.041740622	0.073994204	0.06595244	0.06831858	-0.0015385826	-0.054436557	0.0069342013	0.09661212	0.017378254	0.041269295	-0.03904974
-0.06054383	-0.09476755	-0.12194367	-0.05507961	-0.07298097	-0.065586224	0.064540684	0.03510899	0.12676315	-0.08646529	0.10951934	0.04133018	0.12416145	0.09471267	0.0918022	-0.07482269
-0.013375938	-0.027804619	-0.058085345	-0.058574222	-0.09598711	0.04923046	0.00824989	0.069174185	0.067415155	-0.08167644	-0.07572651	0.039310258	0.06662158	0.13385896	0.05841302	-0.08035731
-0.13343184	-0.0855001	-0.09956932	-0.034462538	-0.03928635	-0.078997426	0.025347246	0.09598871	0.07880165	-0.073110946	0.09195255	0.06789694	0.11972014	0.13145722	0.020496435	-0.116686136
0.05757606	-0.024392204	0.07619153	0.08683407	0.022763317	-0.03922282	0.057679612	-0.03167978	-0.03887797	-0.10688958	0.04523138	-0.044210896	-0.038958084	0.07165772	0.04150901	0.04712889
-0.051273994	0.094250105	0.12545276	-0.07421367	0.046882354	-0.0006130316	0.012887405	-0.05537944	-0.024490625	-0.05914384	0.073431894	-0.03718642	0.07552087	-0.085544795	0.0809914	0.09324636
0.08632848	-0.052122742	-0.11779861	0.08742484	0.023318745	-0.01324738	-0.11730074	-0.04797701	-0.029004823	0.13660015	-0.14000615	-0.079529285	-0.08646605	-0.06158435	-0.070459925	0.055664886
-0.05655266	-0.08327289	-0.12677264	-0.09722722	-0.09652198	-0.09528358	0.13045496	0.101842485	0.049797162	-0.048216153	0.077166334	0.057916135	0.09714142	0.13468118	0.10273531	-0.10976364
-0.0848578	-0.06033326	-0.046816096	-0.112794995	-0.06591318	-0.11623736	0.10517321	0.049042124	0.10887547	-0.037689626	0.10236465	0.12089152	0.11669431	0.13420524	0.07312325	-0.071585566
0.11432789	0.08959716	0.027619667	-0.10451297	0.017654287	-0.0048363297	0.12318464	0.011183759	-0.09262108	-0.10436869	0.053713694	-0.04474669	-0.06825486	-0.011520078	0.036583643	0.048259486
0.048611578	-0.09027978	0.011317171	0.049212243	0.0505761	-0.06169226	0.05705051	-0.048184525	-0.0826567	-0.08584452	0.09126913	-0.06699671	-0.0071501904	0.0996536	0.08689796	0.023349691
0.048161063	0.044269983	0.033031944	-0.052958213	-0.049388878	-0.055051394	0.07602089	-0.010087637	-0.02022608	-0.120338485	0.12193084	0.017646553	-0.055230517	-0.03408504	0.067106925	0.105366535
0.085680984	-0.065784596	0.009877025	0.08325325	0.037757613	-0.027716514	0.090042986	-0.053613346	-0.10518082	-0.06269478	0.107194394	-0.07324368	-0.059138723	0.06418604	0.06648369	0.033687524
0.06983128	-0.09156089	-0.07940873	0.048935715	0.08427279	-0.041978963	-0.07065259	-0.11641278	-0.052069016	0.07079692	-0.08917456	-0.10151805	-0.059746835	-0.107501365	-0.12509094	0.11087355
0.020024795	0.0753668	0.043617718	-0.11197519	-0.08479277	-0.0014411262	0.04895349	-0.013415091	-0.081759796	-0.055334687	0.029433863	0.081704296	-0.041398577	-0.0028806294	0.11769491	0.059707683
-0.059938964	-0.019652138	-0.11036441	-0.09197455	-0.017126638	0.05982201	0.012650561	0.10147703	0.04561422	-0.061562516	-0.1127702	-0.018954044	0.08955805	0.04951968	0.017621843	-0.11324056
0.11318798	-0.09854283	-0.09502705	0.083701104	0.11185918	-0.048089348	-0.0976286	-0.03571477	-0.12522943	0.09337414	-0.0674246	-0.054097377	-0.04348194	-0.07378298	-0.068753764	0.11389989
-0.047030624	-0.0339647	0.0703241	0.12755634	0.04329069	-0.07786481	-0.05719662	-0.10218259	-0.06496576	0.11452729	0.0393286	-0.09260763	-0.06168968	0.0602543	-0.06681125	-0.064753555
-0.038100887	-0.04876488	0.01573007	0.028411284	-0.09520755	0.087020576	0.04187975	-0.08397694	-0.041463263	-0.01901591	-0.0152981775	0.066145025	0.0724059	-0.046494585	-0.069237836	0.020170273
0.11648207	-0.0119747035	0.035781503	-0.08981163	-0.0023851304	-0.034336865	0.10133993	-0.045414265	-0.101936266	-0.114761375	0.10747576	-0.039110724	-0.122984625	-0.0147312265	0.037077516	0.08983267
-0.07917309	-0.059212297	0.05031647	0.099642195	-0.08802597	0.017540896	0.07698057	-0.02185008	-0.051623497	-0.025075218	-0.057261106	0.07662965	0.09870555	-0.02542352	-0.046608847	0.050872505
0.05620026	0.0327771	-0.09735306	0.030773789	0.037001625	-0.07822808	-0.09012935	0.098612756	0.06809826	0.05001079	-0.11505647	0.10801093	-0.042524677	-0.09713725	-0.019874496	-0.034281105
-0.06936656	0.037923172	-0.034189936	-0.089032054	-0.081111245	0.027136277	-0.10602626	0.09266483	-0.11778192	0.040455054	0.024716632	-0.04116516	-0.06623889	0.07005972	-0.024350928	-0.09300793
-0.02612577	0.022199463	-0.08421442	-0.046268582	-0.10533196	0.07633724	-0.060516305	0.07079921	-0.07344764	0.0944584	0.03788518	-0.019819604	-0.071473055	0.06731522	-0.07794632	-0.09182346
-0.059451863	-0.07065643	0.018320959	0.056334216	-0.06388555	-0.016986456	-0.004023568	-0.028050873	-0.0030760267	-0.0002541759	-0.032142065	-0.06103251	-0.06273153	0.027905567	0.06738689	-0.010949534
0.026746588	0.05339068	0.06511134	-0.06721032	0.055941507	0.034544386	-0.03597782	-0.069776036	-0.023367852	-0.076977745	0.047456983	-0.0760142	0.056452032	-0.08126053	0.07467322	0.10698426
0.08158659	-0.09247105	-0.10727259	0.0240346	0.02361722	-0.00045781845	-0.070197135	-0.037675016	-0.06948551	0.10535042	-0.05921311	-0.09993024	-0.07750403	-0.10134668	-0.11188566	0.11119981
-0.028217293	0.07950538	-0.053345025	-0.07691991	-0.107715316	0.051455323	0.018212125	0.091743685	0.11711466	-0.115119845	-0.030667445	0.033843473	0.04859723	0.07304792	0.0070853694	-0.03954278
-0.061574273	-0.100701705	-0.12954806	-0.034155615	-0.12650897	-0.10267293	0.04692881	0.10256979	0.055393316	-0.10096003	0.08072998	0.07750153	0.07274628	0.11015293	0.06632848	-0.10248499
-0.0017240644	0.07141038	-0.07456949	-0.047040846	-0.056749586	0.050277893	0.03686935	0.05505178	0.09600832	-0.09634089	-0.08686555	-0.03482133	-0.00106415	0.037412915	0.03046731	-0.030425979
-0.09119959	-0.08605502	0.023644052	0.04994568	-0.03230984	0.096469395	0.04346559	-0.071057364	-0.029536055	-0.030519115	-0.11299674	0.07859783	0.11720087	-0.03579606	-0.06588193	0.12545802
-0.1258854	-0.08116098	-0.054317035	-0.037922814	-0.12114916	-0.07481361	0.13153575	0.08133643	0.05958307	-0.050753266	0.093327224	0.046324387	0.12501825	0.076140545	0.064466454	-0.10482227
-0.03286555	-0.058630094	0.07306777	0.065609954	0.10596596	-0.10507974	-0.10565022	-0.093203515	-0.07430726	0.07215257	0.023959927	-0.110575646	-0.019555345	0.022082398	-0.1194861	0.060611635
0.0064005554	-0.09001846	-0.06233077	0.021661725	0.11439923	-0.07546165	-0.1219396	-0.0930375	-0.09061008	0.111196265	-0.07618125	-0.07325068	-0.056821372	-0.018798713	-0.09980402	0.09761749
0.08084607	-0.050968066	-0.07988118	0.017807934	0.020948077	-0.0049028234	0.011553667	-0.038236454	0.07764773	0.06046569	0.081302494	-0.092660636	0.022793649	0.029287092	-0.09411786	-0.006987277
-0.08752902	-0.10901614	-0.1077027	-0.052330233	-0.06104988	-0.037895225	0.115259625	0.09613191	0.04956946	-0.06666651	0.12898172	0.0185204	0.075579174	0.03533963	0.05839195	-0.03666461
0.09489728	0.07202109	-0.1191285	-0.037681427	0.028427575	-0.093117855	-0.043486115	0.01862118	0.037728194	0.031105509	-0.076529175	0.08471953	-0.043306507	-0.118108936	-0.07171162	-0.09393579
-0.060414907	0.12064472	-0.052386727	-0.11369262	-0.05264699	0.04235207	-0.10406516	0.035959277	-0.06453511	0.14601564	0.037663773	0.009945034	-0.06269718	0.007577224	-0.08671161	-0.08714605
0.07553016	-0.08158683	0.091922976	0.07198353	-0.046965346	0.08693208	0.031786457	0.09004453	0.0011808076	-0.14202175	-0.14150119	0.0794022	0.063259795	-0.1335235	0.104654886	-0.019394984
-0.012398314	-0.080110185	0.08982193	-0.0077953986	-0.04032111	-0.06911755	0.050992537	-0.009387087	-0.08457952	0.0021509267	-0.029597938	-0.06035578	-0.020842202	0.059613448	0.07609957	-0.02822198
-0.040364128	-0.03843813	0.011534771	0.038975857	0.06771179	-0.046221305	-0.08501306	-0.053552713	-0.011964441	0.07135494	0.04060639	-0.096808285	-0.06181068	0.07669645	-0.07680493	-0.03547334
-0.040678583	0.079381034	-0.10247292	-0.067436956	-0.07143795	0.07318387	-0.12035879	0.080196194	-0.1340839	0.12754951	0.09439081	-0.0039961985	-0.06849753	0.044653803	-0.11751263	-0.111789845
-0.07157311	0.0048823864	0.055427562	-0.12561153	0.059767254	0.08438166	0.08463826	-0.01290269	0.05814663	0.13109423	-0.03382237	-0.083755195	0.076473236	0.0954411	0.08203043	-0.04581208
-0.051561482	-0.07500134	0.039391767	0.101251446	0.06361233	-0.0028199793	-0.113682196	-0.023070758	-0.006240137	0.113035135	0.04882299	-0.07312314	0.014097265	0.10430993	-0.033746053	-0.031404376
0.04700663	-0.03283794	-0.017912855	-0.0270484	0.04014954	0.027518814	0.08858859	-0.07760297	0.0076993876	0.02421993	0.023974584	-0.023949923	0.044057965	-0.02370451	-0.08535867	-0.012402916
0.051225174	-0.055799253	0.03198004	0.065491475	0.030515455	-0.059216376	0.10421346	-0.054280095	-0.047087833	-0.11213261	0.10186201	-0.05695601	-0.08162016	0.089531265	0.09431773	0.08079023
-0.062469415	-0.07643567	0.07879878	0.04834117	0.10278269	-0.059272997	-0.041087817	-0.055363897	-0.09530481	0.109915234	0.04690327	-0.095737934	-0.043670926	0.099415004	-0.10554025	0.018990997
-0.10946425	-0.027699174	-0.10337532	-0.08905771	-0.11468394	0.100325346	0.013447273	0.101396285	0.050760914	-0.11575597	-0.057418562	0.007694419	0.05991656	0.07760574	-0.00016318112	-0.075579695
-0.09169724	-0.11123287	-0.113792695	-0.0932384	-0.11497522	-0.10516602	0.035956204	0.09852513	0.09912751	-0.06106724	0.09015273	0.01854017	0.03482819	0.13532974	0.003658942	-0.062108856
0.027081193	0.02669103	-0.0733942	0.05974501	0.044927683	-0.08828412	0.045281727	-0.046762913	0.012899611	-0.083745964	0.06566895	0.011044233	0.08024944	-0.0041414453	-0.05679914	0.0018395338
-0.10793227	0.12597011	-0.06794702	-0.058812518	-0.06594858	0.06779526	-0.059752546	0.08317192	-0.1034913	0.10880511	0.13184835	-0.06424208	-0.08129238	0.038954236	-0.055805948	-0.03549035
-0.11082437	-0.04883106	-0.040466096	-0.06387089	-0.08048194	-0.10036916	0.10715167	0.06661116	0.046911668	-0.0780582	0.11944219	0.09118912	0.08028112	0.13680534	0.06827908	-0.10945479
0.09364145	0.022618938	0.010598888	-0.08934441	-0.07424732	-0.04021171	0.115504034	-0.01987894	-0.0075350287	-0.094848104	0.0707205	0.05369446	-0.019823931	0.032975845	0.08679802	0.071737915
-0.013243246	-0.056945562	0.08501056	0.10888523	-0.052971754	0.08226838	0.04630913	-0.042308897	-0.05488221	-0.09030069	-0.010240926	0.10064799	0.094431765	-0.0070334454	-0.022745011	0.029695487
0.033438466	0.07799373	-0.032763448	0.02760575	0.012105665	-0.016151441	-0.06762999	0.052823227	0.06136003	0.05816582	-0.081708536	0.002426495	-0.065644585	-0.09179833	0.0047497633	-0.078532554
-0.06355095	0.053056482	-0.075652845	-0.088856176	-0.01901914	0.07364596	-0.06267013	0.08257837	-0.028314386	0.037774045	0.09563571	-0.07963891	-0.046351645	0.014109505	-0.017165704	0.023234699
-0.11847457	-0.078789726	0.050472416	0.059250135	-0.11878171	0.115113355	0.036310297	-0.0712908	-0.014812416	-0.07265617	-0.043516934	0.06722737	0.05756618	-0.029272523	-0.05309161	0.07811591
-0.12428227	0.07666183	-0.107666284	-0.06977174	-0.06225794	0.059645966	-0.08140462	0.07779846	-0.10244981	0.07963756	0.054827314	-0.04287262	-0.09914625	-0.010710284	-0.09369306	-0.10705429
0.09579352	-0.051574584	0.08821582	0.025846887	0.0312698	-0.07152837	0.0569504	-0.046288356	-0.032425605	-0.08808386	0.100086056	-0.05646098	0.0032411497	0.09233695	0.062761314	0.02144466
-0.05037368	-0.059768975	-0.082000814	-0.10099428	-0.04792114	-0.0798856	0.10529408	0.117275655	0.042739827	-0.12838414	0.039836504	0.046849843	0.11490502	0.11271558	0.12722114	-0.11683726
0.07938889	-0.101203024	-0.059542563	0.033437736	0.062525995	-0.01952154	-0.08912484	-0.0022882023	-0.123198755	0.1268677	-0.1373724	-0.07328066	-0.062148485	-0.09810591	-0.1442934	0.116695136
0.023052871	-0.07267942	0.080609836	0.069024414	-0.0010788825	-0.089080855	0.09923558	-0.10040507	-0.036575273	-0.07551873	0.03659662	-0.05386736	-0.04723922	0.10583397	0.030827766	0.05147402
-0.085951686	0.049633455	-0.08152455	-0.08275395	-0.094320595	0.10810345	-0.119549744	0.033913244	-0.06254459	0.08555124	0.10543331	-0.038594957	-0.048129298	0.020229733	-0.052152842	-0.04751043
0.09815259	0.08170388	0.0908705	-0.03279423	-0.06739282	-0.05739703	0.11642201	0.033843488	-0.026319219	-0.08438367	0.09263617	0.026427977	-0.09903853	0.020301677	0.11786695	0.025835937
0.10866841	-0.05236188	0.09109134	0.07592356	0.08792305	-0.024405185	0.07166623	-0.0786474	-0.029524012	-0.09537202	0.051751025	-0.05945719	-0.048688333	0.07455558	0.061950333	0.066898525
-0.06926434	-0.03716497	0.02239216	0.04412935	-0.015543935	-0.075011164	0.012761729	0.013129351	-0.046917647	-0.016592063	-0.04641139	-0.0121957995	-0.07381362	0.015244648	0.07458757	-0.03547334
0.02010049	-0.0042989645	0.0853265	0.03516145	-0.015419018	0.10256666	0.061330833	0.06867204	-0.036895044	-0.077895336	-0.07085698	0.016313339	0.07926578	-0.09175454	0.062680066	0.0027139278
0.09585569	-0.12650418	-0.061784606	0.031764776	0.037074424	-0.051163975	-0.051886857	-0.050395094	-0.06115416	0.08897729	-0.111796185	-0.056035664	-0.037736464	-0.106472574	-0.10520806	0.04010212
0.13273647	-0.089992024	-0.08220633	0.10130382	0.09347394	-0.10608446	-0.1391417	-0.031334337	-0.120355494	0.06637043	-0.12985781	-0.061053626	-0.11728306	-0.05863729	-0.12307295	0.11387207
0.08664695	-0.06653874	0.08054384	0.07698861	-0.08935875	0.15482062	0.019737221	0.062498316	0.039447445	-0.08682451	-0.15280944	0.0999626	0.118759245	-0.15104112	0.05755459	0.0016922071
-0.043837078	-0.08540138	0.024361014	0.05362329	-0.047406275	0.08009039	-0.029723102	0.06941475	0.019641519	-0.07096108	-0.052123416	0.09356955	0.03481832	-0.022010831	0.10083329	-0.017680341
-0.1055247	-0.05480518	0.07442395	0.06596644	-0.01497255	-0.0950257	0.07111925	-0.0139668705	-0.088543385	-0.01771538	-0.010758089	-0.09803409	-0.0786795	0.05398575	0.10687562	0.019170512
-0.08006586	-0.077515155	0.049644627	0.06502966	-0.08490519	0.030218856	0.06288548	-0.10882554	-0.01518916	-0.07912036	-0.05744291	0.09284527	0.07375975	-0.06420067	-0.010155915	0.053683344
0.0048800977	-0.029437441	0.11140286	-0.0014464381	-0.056706607	0.092961386	-0.01261398	0.05569435	0.0137797855	-0.08682773	-0.06021228	0.06335514	0.023631535	-0.07751098	0.085915536	-0.05092221
0.08109848	-0.04376407	-0.067044556	0.07328677	0.08353847	-0.08810815	-0.094879925	-0.047338706	-0.040090144	0.108148575	-0.07683663	-0.010524762	-0.06903402	-0.102984995	-0.11601926	0.11065897
-0.09614514	-0.11872822	-0.13979995	-0.07681098	-0.047252208	-0.06712124	0.102420665	0.06962632	0.10100734	-0.13921873	0.06275566	0.06326536	0.050707866	0.09000734	0.11322575	-0.112003215
0.021664051	0.0041072546	0.020548977	0.062202662	0.06864293	-0.1011262	0.051650252	-0.0923712	-0.020122476	-0.09730554	0.06787057	-0.084394775	-0.0038720812	0.13200797	0.12076579	0.06426002
-0.05120008	0.116816446	-0.057763252	-0.07452446	-0.056663305	0.07811066	-0.07331363	0.06759239	-0.09287575	0.10061881	0.082595065	0.01053094	-0.09834685	0.015303785	-0.10279558	-0.060707327
-0.079682484	-0.10733186	-0.10329441	-0.12638792	-0.1258835	-0.1082038	0.09557261	0.02330238	0.10213966	-0.13459457	0.060131516	0.086805336	0.04974924	0.052773457	0.09888021	-0.12351037
-0.07258766	0.008026484	-0.037003603	-0.098348774	-0.041627716	0.06093021	0.048204944	0.07883378	0.05107446	-0.060526773	-0.097579755	0.049013495	0.048777524	0.06341098	0.026546564	-0.07925879
-0.057848692	0.051111598	-0.11936516	-0.12159161	-0.088240825	0.13874897	-0.10760279	0.04362534	-0.14725746	0.092932016	0.07236134	-0.06355527	-0.048290294	0.070749424	-0.065031394	-0.04538242
-0.05019899	-0.049172845	0.074649855	0.052371647	-0.103343904	0.028973173	0.07508971	-0.07511674	-0.023666218	-0.055112023	-0.0135161765	0.027337473	0.08635749	-0.039768796	-0.08835781	0.07023527
0.04053578	-0.034610085	0.089181505	0.0418111	0.04231078	-0.06891329	0.1013065	-0.028493147	-0.021458102	-0.11582271	0.07623478	-0.006454232	-0.06112068	0.12069914	0.040005613	0.012927875
-0.0013511218	-0.07095405	0.057646208	0.08823922	0.056452464	-0.037604127	-0.11751184	-0.033676945	-0.07111961	0.090390205	0.09196936	-0.08496751	-0.031194806	0.109755896	-0.09051734	0.048058737
0.04241245	-0.03411042	-0.081348665	0.035818398	0.04011974	-0.040484987	-0.058297392	-0.06257011	-0.09892931	0.06960758	-0.06418237	-0.043627936	-0.06708652	-0.12390896	-0.12372334	0.050852675
0.05911602	-0.09755047	-0.1475273	0.09206254	0.10720031	-0.041651413	-0.07687075	-0.054521345	-0.08446052	0.09008548	-0.102543734	-0.06371056	-0.06017577	-0.10090133	-0.15219268	0.107413135
0.13312499	-0.07694268	-0.09536438	0.08401315	0.08699312	-0.09781249	-0.1284859	-0.07518077	-0.071815975	0.10546467	-0.057725254	-0.06683468	-0.029985938	-0.12206435	-0.15337245	0.12749474
-0.08257295	-0.115550384	0.064918354	0.0655759	-0.0942519	-0.09443254	0.0039681555	-0.11546629	-0.062554434	-0.004797996	0.006417281	-0.05292753	-0.08031383	0.020215947	0.091938235	0.10166306
0.10161487	-0.099643305	0.058494586	0.076982655	0.0007853129	0.11923421	-0.02084378	0.11940004	-0.053407237	-0.0053991126	-0.075684495	0.080060534	0.10314034	-0.07299575	0.02870123	-0.010175715
-0.04559827	-0.10805038	0.030616898	0.108915456	0.10175132	-0.018508956	-0.06023454	-0.045149587	-0.078140415	0.09228464	0.00038683804	-0.105774194	-0.048894677	0.030837594	-0.027595133	-0.036133997
-0.12549552	-0.039204255	-0.049125794	-0.11004722	-0.053959277	-0.046665616	0.10305954	0.08657487	0.095611736	-0.1349233	0.060994558	0.029027732	0.11750919	0.06911698	0.08539455	-0.10253253
0.010752578	-0.0029451684	0.10186949	0.114408135	-0.049881067	0.091882475	-0.010609293	0.04827432	-0.01790622	-0.011399629	-0.09813537	0.085631475	0.08352217	-0.08442262	0.05075091	-0.066292785
-0.004310455	-0.036324732	-0.054957334	-0.09543749	-0.09694623	0.020840032	0.02875829	0.057402015	0.058059163	-0.083530165	-0.09679815	0.054649983	0.06976639	0.11671769	0.041253183	-0.10716405
-0.05962839	-0.09028406	-0.09981061	-0.094901726	-0.1357389	-0.058091782	0.11511222	0.10729224	0.040659707	-0.12025924	0.07599708	0.12943469	0.04621819	0.10010805	0.07093792	-0.08220219
-0.0104973875	0.10240419	-0.09158418	-0.08638124	-0.07119014	0.031800132	-0.10471541	0.057202894	-0.087323844	0.031221129	0.029762054	-0.009952184	-0.040816315	0.05457631	-0.037099794	-0.082662955
0.059594467	0.08395576	0.10562661	-0.06404659	-0.12319682	0.008425469	0.10871709	0.085213706	-0.099794164	-0.12169143	0.076630406	0.04764187	-0.116110064	-0.07607389	0.12833016	0.066796035
-0.05096539	-0.08049143	0.088642225	0.11050879	0.06309656	-0.03886698	-0.103962444	-0.04439774	-0.055953894	0.09766236	0.02021842	-0.081194445	-0.00989778	0.053491395	-0.046291396	0.012346925
0.058204643	-0.05991681	-0.05575497	0.06662346	0.034844667	-0.07348991	-0.096632466	-0.06839908	-0.09812838	0.12781979	-0.050547354	-0.08795004	-0.09935624	-0.042886436	-0.07467725	0.061674725
-0.024839541	-0.08011569	0.052298103	0.11411007	-0.08292093	0.071721956	0.06256095	0.067742266	0.10761478	-0.021902312	-0.06366621	0.029026723	0.02413414	-0.06914163	0.060089838	-0.073093146
0.022809748	-0.09078173	0.075642064	0.03998182	0.09108988	-0.07603546	0.078187495	-0.04677294	-0.055449285	-0.080225766	0.11005543	-0.09866281	-0.025356399	0.032601673	0.03264653	0.010562926
0.05372265	0.058535602	-0.04185505	-0.02001623	0.107619725	-0.09627566	-0.083498545	0.10335181	0.06356072	0.06521948	-0.050967358	0.013789349	-0.027835345	-0.08675558	-0.039932862	-0.063051894
-0.07845296	0.10329017	-0.044802282	-0.09573698	-0.051831827	0.056541204	-0.09759538	0.04029082	-0.12582722	0.03463177	0.08859395	0.05764919	-0.05228526	0.082707174	-0.02993541	-0.048599493
0.01132761	0.009181654	0.041946243	-0.011552132	-0.0025345862	-0.05900945	-0.0038016823	-0.06449645	-0.03253721	-0.097935885	0.048027813	-0.0028312753	0.053875435	-0.05933709	0.06402776	0.004725623
0.12778842	-0.08958686	0.113295875	0.10950337	0.10729681	-0.07230197	0.11202957	-0.1327049	-0.08257041	-0.1275127	0.13215376	-0.107804954	-0.0037280729	0.07313546	0.081494264	0.06012921
0.035581853	-0.016660247	0.036164872	-0.0041790735	0.029634602	-0.07685421	0.10091244	-0.09410603	0.017964028	-0.12614462	0.048983417	0.012472398	0.010139448	0.10791988	0.080484144	0.064959325
-0.00377966	-0.04184114	0.083837055	0.08621534	0.08593157	-0.051105913	-0.031987365	-0.012477158	-0.10055909	0.073112965	0.044492926	-0.020204037	-0.049619794	0.02525524	-0.10259633	-0.032630745
-0.041310243	-0.019637775	-0.084376864	-0.04983056	-0.06444567	-0.004851874	0.0027359985	0.09850498	0.03666223	-0.06722799	-0.021544212	-0.037540626	0.078683816	0.086943656	0.02580998	-0.051203605
0.0648356	-0.049140982	0.11215692	0.06695496	-0.05703096	0.10041253	0.0239057	0.043649327	0.07043293	-0.05477975	-0.036093384	0.0172885	0.07540918	-0.12013207	0.06391313	-0.032133263
-0.03671235	-0.0069786883	0.021679452	0.03239618	-0.08580333	-0.04686118	0.02808695	-0.047169384	-0.03263888	0.00067345455	0.021548089	-0.06038753	-0.082449295	0.031106472	0.010240888	0.067467414
-0.082562916	0.10319227	-0.05399402	-0.053524498	-0.08075637	0.10963608	-0.10487259	0.097558424	-0.10318782	0.114037365	0.043111943	-0.049819794	-0.072532095	0.061520364	-0.12136266	-0.10636542
-0.02626618	-0.04867044	0.08628802	0.08539169	0.08539114	-0.039829947	-0.10552849	-0.009933301	-0.03916572	0.06831764	0.016812481	-0.040896885	-0.049620662	0.08739735	-0.048435874	-0.0014694581
0.016217796	0.017426327	-0.049656875	0.013044932	0.031502835	-0.07708473	-0.048399452	0.06355612	0.009534754	0.02746111	-0.0826047	0.030730093	-0.055701815	-0.033204097	-0.007245055	-0.049324676
-0.01742114	0.09032344	-0.019323904	-0.09018768	-0.020756306	0.040133797	-0.10361848	0.057733156	-0.04884614	0.100464486	0.1021494	-0.026751343	-0.08274833	0.050280202	-0.028518358	-0.05183076
-0.038661093	-0.015616761	-0.09615394	-0.016083851	-0.036919348	0.05340872	0.03913177	0.06912952	0.09900858	-0.052736554	-0.027857829	-0.008314993	0.088174805	0.09245833	0.032613225	-0.0782186
-0.055996165	-0.061031323	0.08289302	0.040878404	-0.078552775	0.085188314	0.047198575	-0.07096282	-0.015755508	-0.11259522	-0.04598917	0.046428602	0.09953659	-0.064631335	-0.11761257	0.07976473
-0.012663104	-0.046451274	0.07493691	0.111197166	-0.04469889	0.03296284	-0.010217436	0.093599394	0.076863356	-0.0687212	-0.08026595	0.022792932	0.067079686	-0.08806227	0.019142624	-0.095349334
-0.07299113	-0.036601365	-0.112741455	-0.081320405	-0.082157984	-0.06912384	0.12860131	0.07214442	0.09198701	-0.13646702	0.08500409	0.058662064	0.121446386	0.13322847	0.05163851	-0.08313018
-0.074774124	-0.088595405	-0.05564062	-0.124049656	-0.060047284	-0.12049138	0.070675746	0.10534454	0.08772935	-0.117407605	0.07493984	0.04177246	0.11462162	0.06582806	0.12134339	-0.099877164
-0.13319086	-0.066068545	-0.118330315	-0.12947191	-0.087119766	-0.09366924	0.06352907	0.099539205	0.08057753	-0.05326419	0.05076616	0.05048541	0.06344268	0.11454986	0.13487853	-0.06797562
0.011603738	-0.048793703	0.03372077	0.07622456	-0.10556376	0.08463064	0.048066102	0.09403502	0.028882604	-0.07640013	-0.034787662	0.10896275	0.08803423	-0.11496532	0.021683104	-0.06879708
0.031908605	0.08381162	0.0917466	-0.122714475	0.029464759	-0.009152823	0.11879536	-0.027608333	-0.09602192	-0.09762019	0.0364907	-0.011997421	-0.05825629	0.032132313	0.088486366	0.09265345
0.08902556	-0.03751622	0.037657414	0.09013287	0.03996532	-0.038652025	0.07346577	-0.03577882	-0.08064916	-0.11638431	0.11113977	-0.041387323	-0.085458755	0.07491003	0.053246237	0.022526098
-0.11584253	0.11611851	-0.053493027	-0.057075333	-0.046804667	0.047731146	-0.09191645	0.0910094	-0.09312352	0.117744	0.1189251	-0.022867678	-0.09085895	-0.021602886	-0.07628766	-0.12535284
-0.08176749	-0.009410473	-0.099658184	-0.08608327	0.0045474144	0.03173795	0.061860155	0.04816419	0.070549	-0.06727657	-0.03611256	-0.03865857	0.030517168	0.058146283	-0.01811012	-0.010404417
-0.04972825	0.09699148	-0.07028671	-0.024444632	-0.065206826	0.06498689	-0.026356608	0.018093018	-0.046734735	0.091188066	0.09397224	0.02445866	-0.083038874	0.0711841	-0.021643406	-0.0650321
0.0066104843	0.017665006	-0.061204232	-0.02800142	0.08137094	-0.029974591	0.021612199	-0.08806636	0.04432083	0.09921201	-0.02822025	-0.022063674	0.055930845	0.07102285	-0.09562543	-0.027770445
-0.074941	0.016390799	-0.11717218	-0.087340005	-0.061645456	-0.015507089	0.09755467	0.047485173	0.07396741	-0.02131293	-0.062106125	-0.0023591758	0.030980121	0.108530395	-0.021745933	-0.029470766
-0.031346355	-0.12262354	-0.07300349	-0.12587821	-0.07396203	0.042504176	0.08221137	0.116064146	0.077383816	-0.086235054	-0.08113757	0.006370438	0.07943374	0.11380801	0.07519511	-0.040711947
-0.07990818	0.035741393	-0.07872557	0.09033072	0.060789127	0.015904056	-0.08261629	0.0512928	0.046994336	-0.00954169	-0.08879971	0.09456622	-0.004773881	-0.004614772	-0.07078379	0.0007550094
