AREA,PERIMETER,CELL_ID,Lon,Lat,cdirjan,cdirfeb,cdirmar,cdirapr,cdirmay,cdirjun,cdirjul,cdiraug,cdirsep,cdiroct,cdirnov,cdirdec,cdirann
0.127,1.427,287108,88.39400000000,27.46100000000,4954,3491,3231,3306,2959,2053,1521,1750,1890,5114,4981,5233,3373
0.126,1.426,288108,88.02400000000,27.39200000000,5138,3858,3814,4181,3732,2263,1478,1702,2319,5631,5298,5473,3740
0.126,1.423,285107,89.20700000000,27.26200000000,5676,4556,4011,4070,3472,2124,1540,1786,2195,6022,5906,6048,3950
0.126,1.421,286107,88.83800000000,27.19800000000,5518,4099,3790,3727,2930,2110,1310,1858,1944,5508,5646,5725,3680
0.125,1.420,287107,88.46900000000,27.13300000000,5128,4063,3735,4206,3610,2553,1586,2197,2640,6258,5451,5740,3930
0.125,1.418,288107,88.10200000000,27.06500000000,5422,4013,3841,4208,3378,2308,1209,1874,2449,5997,5417,5649,3813
0.125,1.417,289107,87.73500000000,26.99500000000,4950,3721,3739,4134,3749,2611,1346,1966,2477,6053,4977,5328,3754
0.125,1.417,284106,89.64500000000,26.99500000000,4347,2944,2809,2770,2066,1221,1004,1209,1500,4751,4576,4824,2835
0.125,1.415,285106,89.27700000000,26.93400000000,4250,3075,2769,3105,2430,1445,964,1317,1867,5268,4646,4899,3002
0.124,1.414,286106,88.91000000000,26.87100000000,4569,3239,2998,3351,2788,1745,1078,1563,2012,5634,4692,5065,3227
0.124,1.413,287106,88.54400000000,26.80600000000,4389,3105,2952,3300,2883,1867,1082,1730,2107,5580,4532,4878,3200
0.124,1.411,288106,88.17900000000,26.73900000000,4225,3156,2962,3389,2988,1914,1148,1525,1924,5578,4482,4753,3170
0.124,1.411,283105,90.07800000000,26.72600000000,4194,2762,2457,2368,2299,1235,947,1125,1323,5058,4753,5020,2795
0.124,1.410,289106,87.81400000000,26.66900000000,4234,3118,3140,3485,3219,2309,1292,1819,2098,5624,4427,4721,3290
0.124,1.410,284105,89.71200000000,26.66700000000,4276,2975,2589,2695,2232,1190,895,1050,1430,5092,4542,5054,2835
0.124,1.408,285105,89.34600000000,26.60700000000,4462,3191,2839,2890,2388,1376,874,1173,1641,5333,4530,5163,2988
0.123,1.408,290106,87.45100000000,26.59800000000,4016,3340,3618,3567,3485,2206,1349,1884,2334,5654,4359,4597,3367
0.123,1.407,286105,88.98100000000,26.54400000000,4593,3296,2960,2969,2570,1507,865,1219,1585,5338,4553,5020,3039
0.123,1.406,287105,88.61700000000,26.48000000000,4518,3369,3096,3061,2554,1790,903,1274,1654,5415,4518,4954,3092
0.123,1.405,282104,90.50700000000,26.45400000000,4822,3218,2835,2807,2794,1767,982,1586,1482,4957,5015,5482,3145
0.123,1.404,288105,88.25400000000,26.41300000000,4417,3372,3210,3274,2837,1914,942,1314,1703,5501,4464,4916,3155
0.123,1.404,283104,90.14200000000,26.39800000000,5034,3620,3288,2952,2803,1519,890,1509,1485,5329,5147,5601,3264
0.123,1.403,289105,87.89200000000,26.34500000000,4155,3650,3539,3419,3116,2141,958,1457,1739,5606,4438,4575,3232
0.123,1.402,284104,89.77800000000,26.34100000000,4912,3643,3394,3242,2829,1688,1022,1455,1708,5234,5072,5441,3303
0.122,1.401,285104,89.41400000000,26.28100000000,4814,3650,3414,3183,2746,1613,980,1375,1889,5438,4980,5264,3278
0.122,1.401,290105,87.53100000000,26.27400000000,4123,3716,3716,3509,3480,2311,1053,1611,1960,5869,4498,4643,3374
0.122,1.400,286104,89.05200000000,26.21900000000,4559,3390,3139,2867,2685,1748,1026,1365,1656,4849,4409,5003,3058
0.122,1.398,287104,88.69000000000,26.15500000000,4604,3453,3236,3046,2889,1784,906,1338,1606,5280,4393,4987,3126
0.122,1.398,282103,90.56800000000,26.12700000000,5207,3722,3462,3426,3094,1813,902,1618,1529,4854,5119,5499,3353
0.122,1.397,288104,88.32900000000,26.08900000000,4428,3654,3563,3215,2923,1961,919,1448,1491,5393,4336,4745,3173
0.122,1.397,283103,90.20500000000,26.07200000000,5405,3878,3683,3601,3189,1871,923,1652,1498,5046,5335,5687,3480
0.121,1.396,289104,87.96900000000,26.02100000000,4247,3647,3678,3354,3278,2158,1003,1535,1740,5703,4298,4699,3278
0.121,1.395,284103,89.84300000000,26.01500000000,5335,3809,3680,3514,2969,1756,986,1549,1626,5295,5188,5597,3442
0.121,1.395,278102,92.07800000000,26.00000000000,5518,4224,3743,3866,3276,1979,902,1711,1605,4699,5457,5967,3578
0.121,1.394,290104,87.61100000000,25.95200000000,4276,3769,3814,3547,3495,2310,983,1741,1995,5833,4414,4663,3403
0.121,1.394,285103,89.48200000000,25.95600000000,4805,3603,3493,3012,2794,1616,1162,1536,1785,4962,4801,5166,3227
0.121,1.394,279102,91.71400000000,25.95400000000,5450,4141,3669,3921,3467,1959,920,1677,1850,4781,5518,6012,3613
0.121,1.393,280102,91.35100000000,25.90500000000,5479,4112,3843,3777,3248,1920,1345,1875,1889,4553,5311,5813,3597
0.121,1.393,286103,89.12100000000,25.89500000000,4711,3592,3461,3097,2868,1677,1055,1545,1779,4930,4620,5169,3208
0.121,1.393,291104,87.25300000000,25.88000000000,4266,3752,3865,3617,3756,2351,922,1830,1897,5648,4410,4577,3407
0.121,1.392,281102,90.98900000000,25.85400000000,5567,4068,4040,3905,3426,1830,940,1712,1731,5123,5275,5619,3603
0.121,1.392,287103,88.76200000000,25.83100000000,4616,3771,3736,3168,2809,1677,1064,1520,1698,4967,4513,4864,3200
0.121,1.391,282102,90.62800000000,25.80200000000,5379,3874,3890,3768,3402,1752,826,1616,1592,5024,5009,5500,3469
0.120,1.390,288103,88.40300000000,25.76600000000,4697,3855,3834,3425,3195,1923,934,1657,1814,5586,4603,4909,3369
0.120,1.390,276101,92.85200000000,25.76000000000,5543,4290,3491,3701,3278,2388,1415,1832,2028,4392,5418,5919,3641
0.120,1.390,283102,90.26700000000,25.74700000000,5412,3900,3893,3694,3380,1625,835,1495,1616,5378,5215,5479,3493
0.120,1.389,277101,92.49000000000,25.71800000000,5314,4198,3668,3878,3020,1802,949,1521,1537,4315,5365,5684,3437
0.120,1.389,289103,88.04600000000,25.69900000000,4481,3748,3635,3424,3143,2080,946,1642,1885,5624,4298,4850,3313
0.120,1.388,284102,89.90700000000,25.69100000000,5430,3981,3967,3631,3203,1605,848,1455,1731,5468,5161,5687,3513
0.120,1.388,278101,92.12800000000,25.67400000000,5621,4522,4067,4095,3241,1797,993,1619,1539,4615,5536,5803,3620
0.120,1.387,290103,87.68900000000,25.63000000000,4386,3727,3798,3580,3516,2285,920,1767,1890,5861,4286,4737,3396
0.120,1.387,285102,89.54800000000,25.63200000000,5052,3728,3723,3407,3082,1741,1083,1630,1804,5340,4800,5360,3395
0.120,1.387,279101,91.76700000000,25.62800000000,5573,4805,4576,4361,3307,1519,898,1513,1444,4755,5433,5767,3662
0.120,1.386,280101,91.40600000000,25.58000000000,5544,4651,4387,4095,3346,1541,880,1450,1478,4822,5466,5658,3609
0.120,1.386,286102,89.19000000000,25.57100000000,4769,3811,3778,3188,2912,1638,1123,1621,1637,4839,4493,4999,3234
0.120,1.386,291103,87.33300000000,25.55900000000,4356,3744,3864,3691,3544,2428,946,1725,2006,5688,4347,4683,3418
0.120,1.385,281101,91.04600000000,25.52900000000,5861,4756,4574,4181,3470,1621,865,1467,1618,5237,5594,5871,3759
0.119,1.385,287102,88.83300000000,25.50900000000,4818,3917,3845,3453,3224,1754,975,1676,1787,5430,4608,5026,3376
0.119,1.384,282101,90.68700000000,25.47700000000,5481,4102,4056,3582,3285,1563,853,1463,1646,5132,5262,5657,3506
0.119,1.383,288102,88.47600000000,25.44400000000,4806,3946,3870,3492,3273,1911,1021,1611,1944,5597,4573,5141,3432
0.119,1.383,276100,92.89800000000,25.43400000000,5255,3954,3419,3341,2833,1968,1148,1550,1753,4331,5167,6095,3401
0.119,1.383,283101,90.32900000000,25.42300000000,5333,3902,3781,3289,3016,1353,809,1289,1516,5064,5069,5754,3347
0.119,1.382,277100,92.53700000000,25.39200000000,5441,4555,3868,3820,2837,1515,966,1592,1285,4403,5572,6185,3503
0.119,1.382,289102,88.12100000000,25.37800000000,4720,3865,3966,3662,3289,2087,1077,1584,1833,5771,4638,5032,3460
0.119,1.382,284101,89.97100000000,25.36700000000,5304,4074,4118,3649,3374,1675,1055,1470,1785,5436,5061,5789,3565
0.119,1.381,278100,92.17800000000,25.34800000000,4962,4064,3314,2890,2408,1085,866,1383,1172,4333,5297,5885,3138
0.119,1.380,290102,87.76600000000,25.30900000000,4675,3857,3960,3793,3453,2214,950,1731,2099,5784,4522,4973,3500
0.119,1.380,285101,89.61400000000,25.30900000000,5017,3934,3925,3489,3141,1592,1117,1478,1852,5363,4773,5359,3420
0.119,1.380,279100,91.81900000000,25.30300000000,4920,3959,3296,2660,2401,994,853,1228,1114,4513,5165,5732,3069
0.119,1.379,280100,91.46000000000,25.25500000000,4916,4006,3377,2707,2604,1144,859,1347,1333,4414,5100,5613,3118
0.119,1.379,286101,89.25800000000,25.24900000000,4811,3828,3778,3334,3119,1723,1315,1706,1807,4912,4466,5143,3328
0.118,1.379,291102,87.41200000000,25.23900000000,4723,3947,4165,4138,3875,2510,960,1904,2230,5748,4646,5043,3657
0.118,1.378,281100,91.10300000000,25.20600000000,5168,4072,3639,2836,2726,1256,797,1306,1354,5065,5233,5836,3274
0.118,1.378,287101,88.90300000000,25.18700000000,4886,3958,3845,3541,3275,1847,1087,1584,1870,5430,4596,5189,3425
0.118,1.377,282100,90.74600000000,25.15400000000,5394,4161,3679,2974,2920,1383,886,1361,1469,5185,5303,5989,3392
0.118,1.377,275099,93.30100000000,25.14800000000,5452,4371,3377,3020,2669,1741,988,1534,1472,4480,5675,6431,3434
0.118,1.376,288101,88.54800000000,25.12300000000,4876,3938,3882,3613,3358,1986,1114,1754,2108,5444,4571,5213,3488
0.118,1.376,276099,92.94200000000,25.10900000000,5269,4175,3092,2822,2624,1562,970,1490,1406,4343,5523,6185,3288
0.118,1.376,283100,90.38900000000,25.10000000000,5579,4209,3981,3376,3268,1425,985,1325,1611,5281,5368,6121,3544
0.118,1.375,289101,88.19500000000,25.05700000000,4923,3974,3868,3695,3329,2181,1129,1914,2068,5660,4572,5136,3537
0.118,1.375,277099,92.58400000000,25.06700000000,5302,4189,2892,2474,2545,1231,846,1352,1137,4331,5631,6328,3188
0.118,1.375,284100,90.03400000000,25.04500000000,5452,4114,4020,3518,3425,1660,1063,1424,1684,5296,5092,5944,3557
0.118,1.374,278099,92.22700000000,25.02400000000,5321,4138,3212,2434,2659,1287,975,1427,1306,4848,5580,6142,3277
0.118,1.374,290101,87.84200000000,24.98900000000,4845,3972,3928,3765,3461,2214,1084,1944,2222,5653,4583,5060,3560
0.118,1.374,285100,89.67900000000,24.98700000000,4818,3804,3835,3322,3003,1709,1242,1591,1750,4822,4485,5141,3293
0.118,1.373,279099,91.87000000000,24.97900000000,5163,4091,3339,2516,2532,1304,1055,1374,1350,4528,5145,5855,3187
0.117,1.372,286100,89.32500000000,24.92800000000,4811,3771,3810,3303,3050,1760,1246,1687,1851,4890,4450,5137,3313
0.117,1.372,280099,91.51400000000,24.93200000000,5075,3992,3329,2507,2571,1219,998,1451,1433,4564,5089,5726,3162
0.117,1.372,291101,87.49100000000,24.92000000000,4760,4046,4104,4053,3579,2267,1062,1844,2229,5220,4554,4927,3553
0.117,1.371,281099,91.15800000000,24.88300000000,5114,3929,3333,2594,2763,1266,991,1426,1428,4649,4951,5689,3177
0.117,1.371,287100,88.97200000000,24.86600000000,4775,3787,3780,3336,3086,1801,1275,1684,1848,4872,4401,5078,3310
0.117,1.370,282099,90.80300000000,24.83200000000,5378,4138,3673,2979,3043,1538,996,1513,1561,5193,5245,6098,3446
0.117,1.370,275098,93.34300000000,24.82400000000,5397,4273,3296,3085,2860,1670,973,1614,1495,4531,5398,6059,3387
0.117,1.370,288100,88.62000000000,24.80300000000,4931,3933,3891,3736,3396,1950,1176,1774,2041,5443,4585,5197,3504
0.117,1.369,283099,90.44900000000,24.77900000000,5470,4217,3790,2987,3029,1519,980,1358,1520,5086,5250,6134,3445
0.117,1.369,276098,92.98600000000,24.78500000000,5652,4395,3339,3023,2934,1516,1020,1563,1572,4928,5698,6371,3500
0.117,1.368,289100,88.26800000000,24.73800000000,4892,3986,3903,3639,3414,1977,1261,1753,2057,5252,4456,5116,3475
0.117,1.368,277098,92.63000000000,24.74400000000,5693,4552,3277,2884,2881,1493,1060,1482,1361,4846,5745,6334,3467
0.117,1.368,284099,90.09600000000,24.72400000000,5324,4158,4063,3366,3102,1488,1029,1307,1566,5204,5022,5686,3442
0.117,1.367,278098,92.27500000000,24.70100000000,5603,4360,3484,2793,2697,1341,1079,1483,1405,4757,5433,6049,3373
0.116,1.367,290100,87.91800000000,24.67100000000,4926,3944,3880,3697,3424,2070,1290,1841,2041,5427,4445,5073,3504
0.116,1.367,285099,89.74300000000,24.66700000000,4999,3940,3937,3373,3043,1579,1088,1365,1818,5175,4624,5400,3361
0.116,1.366,279098,91.92100000000,24.65700000000,5587,4348,3529,2683,2735,1324,964,1444,1498,4903,5450,6047,3376
0.116,1.366,286099,89.39100000000,24.60800000000,4814,3815,3861,3296,3184,1715,1244,1647,1865,4934,4411,5171,3329
0.116,1.365,291100,87.56800000000,24.60200000000,5037,4040,4123,3925,3455,2208,1224,1548,2150,5250,4589,5009,3546
0.116,1.366,280098,91.56600000000,24.61000000000,5111,4036,3332,2545,2582,1305,979,1448,1502,4498,5041,5717,3174
0.116,1.364,281098,91.21300000000,24.56100000000,5247,4073,3545,2804,2748,1302,958,1417,1356,4784,5220,5902,3279
0.116,1.364,287099,89.04000000000,24.54700000000,4975,3933,3913,3554,3270,1812,1250,1754,2074,5456,4616,5311,3493
0.116,1.364,292100,87.21900000000,24.53100000000,4948,4086,4232,4161,3680,2392,1295,1732,2244,5475,4659,4827,3644
0.116,1.363,282098,90.86000000000,24.51100000000,5283,4123,3667,2952,2875,1604,960,1412,1583,4963,5078,5876,3364
0.116,1.363,288099,88.69000000000,24.48400000000,4758,3851,3739,3455,3166,1802,1210,1812,2004,5083,4335,4953,3347
0.116,1.362,283098,90.50800000000,24.45800000000,5266,4090,4359,3524,3115,1517,990,1306,1751,4986,5124,5884,3492
0.116,1.362,276097,93.03000000000,24.46200000000,5778,4538,3608,3454,3192,1545,1082,1588,1578,4816,5649,6342,3597
0.116,1.362,289099,88.34100000000,24.42000000000,5000,3962,3944,3622,3414,1983,1348,1755,2217,5373,4462,5062,3511
0.116,1.362,277097,92.67600000000,24.42200000000,5944,4748,4170,3306,3036,1247,1131,1543,1568,4812,5498,6241,3603
0.116,1.361,284098,90.15700000000,24.40400000000,4991,4036,4406,3605,3164,1382,849,1359,1588,5017,4907,5612,3409
0.115,1.361,278097,92.32300000000,24.37900000000,5876,4589,3984,2949,2883,1257,1023,1419,1706,4837,5389,6173,3507
0.115,1.360,290099,87.99200000000,24.35300000000,4725,3964,3920,3580,3183,1914,1268,1657,2076,5204,4259,4758,3375
0.115,1.360,285098,89.80700000000,24.34700000000,5163,4118,4179,3393,3066,1349,1014,1433,1719,5336,4841,5647,3438
0.115,1.360,279097,91.97100000000,24.33500000000,5771,4546,4050,2738,2793,1430,1048,1497,1538,4908,5547,6284,3512
0.115,1.359,291099,87.64500000000,24.28500000000,4943,3970,4040,3680,3263,2044,1260,1501,2150,5285,4352,4771,3438
0.115,1.359,286098,89.45700000000,24.28900000000,4952,4050,4175,3503,3290,1517,1095,1598,1999,5420,4735,5435,3480
0.115,1.359,280097,91.61900000000,24.28900000000,5430,4153,3816,2681,2736,1391,1044,1419,1456,4843,5362,6113,3370
0.115,1.358,281097,91.26700000000,24.24100000000,5200,4001,4157,3152,2937,1467,1018,1356,1336,4743,5051,5776,3349
0.115,1.358,287098,89.10800000000,24.22900000000,4829,3944,3952,3474,3208,1710,1224,1760,2170,5170,4368,5094,3408
0.115,1.357,292099,87.29800000000,24.21500000000,5089,4126,4192,3963,3445,2341,1296,1587,2295,5477,4455,4816,3590
0.115,1.357,282097,90.91700000000,24.19000000000,4920,3843,3819,2995,2615,1282,967,1299,1511,4371,4740,5291,3137
0.115,1.356,288098,88.76000000000,24.16600000000,4846,3946,3882,3475,3262,1802,1295,1777,2208,5169,4437,5045,3428
0.115,1.356,283097,90.56700000000,24.13800000000,4956,3921,4316,3305,3056,1392,879,1301,1600,4892,4749,5507,3322
0.114,1.355,289098,88.41200000000,24.10200000000,4610,3846,3759,3336,3032,1805,1223,1815,2103,5037,4187,4638,3282
0.114,1.355,277096,92.72100000000,24.10000000000,6304,5406,4931,4200,3887,1494,1255,1657,1731,4951,5531,6423,3980
0.114,1.355,284097,90.21800000000,24.08400000000,4756,3937,4278,3213,2923,1309,1028,1395,1626,4748,4569,5363,3262
0.114,1.354,278096,92.37000000000,24.05900000000,6195,5013,4577,3777,3687,1414,1370,1817,1735,5143,5546,6436,3892
0.114,1.354,290098,88.06600000000,24.03700000000,4794,3934,3885,3541,3223,1971,1351,1732,2106,5165,4225,4699,3385
0.114,1.353,285097,89.86900000000,24.02900000000,4837,3929,4407,3573,3157,1490,947,1591,1836,5027,4587,5401,3398
0.114,1.353,279096,92.02000000000,24.01500000000,5830,4749,4177,3362,3473,1488,1138,1675,1757,5115,5533,6425,3726
0.114,1.352,291098,87.72000000000,23.96900000000,4895,4029,3894,3517,3204,2020,1464,1822,2098,5183,4219,4695,3420
0.114,1.352,286097,89.52100000000,23.97100000000,5057,4182,4191,3466,3271,1451,1110,1760,2023,5397,4745,5532,3515
0.114,1.352,280096,91.67000000000,23.96900000000,5734,4685,4106,3214,3350,1530,1055,1659,1614,4984,5402,6400,3644
0.114,1.351,281096,91.32100000000,23.92100000000,5252,4299,3990,3264,3015,1495,1062,1482,1551,4342,4972,5585,3359
0.114,1.351,287097,89.17400000000,23.91100000000,4944,4093,4075,3527,3288,1512,1141,1672,2209,5354,4681,5388,3490
0.114,1.350,282096,90.97200000000,23.87200000000,4832,3868,3904,3180,2887,1334,957,1398,1532,4364,4654,5183,3174
0.114,1.350,288097,88.82800000000,23.85000000000,4498,3964,3867,3358,2913,1515,1058,1683,1950,4962,4289,4803,3238
0.113,1.349,283096,90.62500000000,23.82000000000,4847,3914,4041,3246,2943,1369,1069,1506,1707,4476,4668,5322,3259
0.113,1.349,276095,93.11500000000,23.82000000000,6318,5575,5184,4357,4145,1600,1250,1782,1561,4966,5429,6650,4068
0.113,1.348,289097,88.48300000000,23.78600000000,4616,3984,3970,3496,3019,1686,1156,1626,2230,5201,4398,4844,3352
0.113,1.348,277095,92.76600000000,23.78000000000,6692,5702,5337,4522,4371,1689,1648,2194,1996,5348,5763,6825,4340
0.113,1.348,284096,90.27700000000,23.76700000000,4780,3942,4227,3353,3152,1352,986,1451,1665,4637,4614,5334,3291
0.113,1.347,278095,92.41700000000,23.73900000000,6297,5293,4774,3975,3868,1637,1415,2016,2003,5135,5435,6497,4028
0.113,1.347,290097,88.13800000000,23.72100000000,4682,4004,3953,3488,3121,1896,1410,1842,2191,5172,4159,4794,3392
0.113,1.347,285096,89.93100000000,23.71100000000,4662,3913,4226,3422,3174,1334,1052,1557,1776,4744,4478,5145,3290
0.113,1.346,279095,92.06900000000,23.69500000000,6111,4879,4375,3485,3605,1589,1335,1840,1818,5116,5440,6524,3843
0.113,1.346,291097,87.79500000000,23.65400000000,4760,3947,3922,3621,3134,1994,1433,1919,2030,5272,4108,4665,3400
0.113,1.346,286096,89.58500000000,23.65400000000,4794,4013,4268,3933,3568,1546,1026,1857,2011,5173,4638,5250,3506
0.113,1.345,280095,91.72100000000,23.65000000000,5683,4705,4157,3205,3254,1482,994,1738,1705,5051,5311,6453,3644
0.113,1.344,281095,91.37400000000,23.60300000000,5289,4409,4264,3518,3436,1488,832,1593,1609,4761,5088,5966,3521
0.113,1.344,287096,89.24000000000,23.59500000000,4659,4075,3964,3446,3153,1408,1051,1790,2068,5098,4387,5125,3352
0.113,1.343,282095,91.02700000000,23.55400000000,5110,4167,4027,3276,2926,1377,979,1470,1585,4461,4855,5414,3303
0.113,1.343,288096,88.89600000000,23.53400000000,4522,3963,3816,3365,2855,1319,1010,1624,1842,4655,4261,4888,3176
0.112,1.342,283095,90.68200000000,23.50300000000,5170,4292,4411,3605,3391,1377,822,1407,1579,4855,4933,5780,3468
0.112,1.342,276094,93.15700000000,23.50100000000,6624,5812,5255,4325,4449,1735,1271,1932,1749,4765,5469,6716,4175
0.112,1.342,289096,88.55300000000,23.47100000000,4591,4015,3940,3552,3073,1591,1186,1933,2116,5124,4329,4931,3365
0.112,1.342,277094,92.81000000000,23.46100000000,6663,5801,5221,4407,4597,1923,1400,2167,2124,5221,5567,6859,4329
0.112,1.341,284095,90.33600000000,23.45000000000,4809,4014,4213,3280,3086,1307,936,1427,1526,4689,4639,5433,3279
0.112,1.341,278094,92.46300000000,23.42000000000,6378,5296,4706,3866,4016,1608,1375,1994,2175,5198,5369,6480,4038
0.112,1.340,290096,88.21000000000,23.40700000000,4592,3994,3895,3576,3049,1669,1197,2026,2152,5101,4141,4760,3346
0.112,1.340,285095,89.99200000000,23.39500000000,4929,4190,4402,3847,3364,1458,886,1561,1761,4860,4782,5535,3464
0.112,1.340,279094,92.11700000000,23.37700000000,5780,4766,4581,3676,3719,1612,1219,1963,1943,5005,5128,6098,3790
0.112,1.339,291096,87.86900000000,23.34000000000,4700,4092,3988,3688,3178,1754,1216,1886,2063,5121,4188,4782,3388
0.112,1.339,286095,89.64800000000,23.33800000000,4607,4026,4208,3916,3364,1478,1011,1716,1906,5112,4405,5122,3405
0.112,1.339,280094,91.77100000000,23.33200000000,5623,4687,4396,3588,3533,1524,1137,1663,1769,4907,5199,6253,3689
0.112,1.338,281094,91.42600000000,23.28600000000,5521,4597,4322,3435,3407,1365,1013,1565,1648,4746,5052,6046,3559
0.112,1.338,287095,89.30500000000,23.28000000000,4603,4066,3806,3305,2881,1309,961,1642,1919,4794,4303,4994,3215
0.111,1.337,282094,91.08200000000,23.23700000000,5294,4482,4319,3572,3497,1319,884,1430,1586,4790,4901,5912,3498
0.111,1.337,288095,88.96300000000,23.21900000000,4533,3999,3799,3391,2863,1317,992,1667,1864,4609,4284,4865,3181
0.111,1.336,283094,90.73800000000,23.18600000000,5319,4472,4330,3646,3401,1330,927,1382,1609,4936,5044,6003,3533
0.111,1.336,276093,93.19900000000,23.18200000000,6809,6236,5586,4827,4820,2146,1350,2113,1898,4819,5248,6620,4372
0.111,1.335,289095,88.62200000000,23.15700000000,4502,3943,3827,3334,2782,1502,1110,1837,1942,4591,4208,4725,3191
0.111,1.335,277093,92.85300000000,23.14400000000,6844,6232,5353,4486,4774,2193,1582,2353,2359,5073,5461,6629,4444
0.111,1.335,284094,90.39500000000,23.13400000000,5176,4331,4392,3641,3370,1397,975,1423,1750,4912,4856,5788,3500
0.111,1.334,290095,88.28100000000,23.09300000000,4233,3641,3841,3659,2818,1699,1136,1663,1849,4236,4029,4485,3107
0.111,1.334,278093,92.50900000000,23.10300000000,6490,5595,4630,3785,4184,1902,1211,2131,2343,5083,5260,6457,4089
0.111,1.334,285094,90.05200000000,23.08000000000,5199,4468,4489,3872,3513,1377,903,1528,1819,5050,4933,5930,3590
0.111,1.333,279093,92.16400000000,23.06000000000,6021,5035,4637,3897,3896,1822,1274,2167,2036,4971,5062,6163,3915
0.111,1.333,291095,87.94200000000,23.02700000000,4444,3864,4182,4179,3461,2077,1320,1992,2281,4906,4232,4629,3463
0.111,1.333,286094,89.71100000000,23.02400000000,4684,4087,4308,3882,3262,1460,914,1701,1994,5022,4529,5162,3417
0.111,1.332,280093,91.82100000000,23.01600000000,5839,4836,4444,3664,3687,1483,1180,1919,1949,4924,5065,6260,3770
0.111,1.331,287094,89.37000000000,22.96600000000,4524,3984,4217,3993,3251,1519,959,1777,2028,4902,4439,5025,3384
0.111,1.331,281093,91.47800000000,22.96900000000,5663,4709,4411,3489,3524,1349,1089,1601,1790,4819,4881,6181,3625
0.110,1.330,282093,91.13500000000,22.92100000000,5435,4603,4401,3641,3490,1198,908,1365,1794,4737,4905,6106,3548
0.110,1.330,288094,89.02900000000,22.90600000000,4428,3863,4066,3842,3083,1571,1073,1704,1983,4539,4258,4782,3266
0.110,1.329,283093,90.79400000000,22.87100000000,5324,4491,4392,3760,3394,1179,963,1382,1709,4718,4814,5915,3503
0.110,1.329,276092,93.24000000000,22.86500000000,6748,6310,5542,4946,5006,2093,1336,2038,2083,4850,5433,6878,4438
0.110,1.329,289094,88.69000000000,22.84400000000,4276,3669,3869,3659,2798,1660,1099,1694,1893,4272,4141,4570,3133
0.110,1.328,277092,92.89600000000,22.82700000000,7062,6284,5376,4758,5070,2278,1701,2456,2650,5021,5645,6965,4605
0.110,1.328,284093,90.45200000000,22.81900000000,5259,4391,4391,3795,3391,1274,985,1382,1659,4745,4857,5858,3498
0.110,1.328,290094,88.35100000000,22.78100000000,4228,3650,3882,3685,2805,1777,1182,1801,1945,4283,4151,4538,3160
0.110,1.328,278092,92.55400000000,22.78700000000,6189,5564,4865,4259,4297,1958,1371,2225,2292,4873,5244,6223,4113
0.110,1.327,285093,90.11200000000,22.76600000000,5321,4496,4567,3826,3427,1363,901,1377,1830,4961,5016,5912,3583
0.110,1.327,279092,92.21200000000,22.74400000000,6169,5284,4865,3975,4183,1743,1356,2233,1990,5125,5187,6201,4025
0.110,1.326,291094,88.01400000000,22.71600000000,4164,3612,3880,3650,2828,1794,1224,1815,1932,4275,4088,4390,3137
0.110,1.326,286093,89.77200000000,22.71000000000,4724,4089,4348,3941,3313,1398,878,1415,1899,4818,4467,5146,3369
0.110,1.326,280092,91.87000000000,22.70000000000,5890,4920,4561,3690,3777,1412,1132,1733,1900,4957,4966,6302,3770
0.110,1.325,287093,89.43300000000,22.65300000000,4656,4088,4358,3989,3207,1497,942,1638,1940,4931,4443,5156,3403
0.110,1.325,281092,91.52900000000,22.65400000000,5502,4639,4239,3453,3501,1256,1070,1607,1812,4482,4828,5984,3531
0.109,1.324,282092,91.18800000000,22.60700000000,5543,4588,4534,3642,3561,1183,943,1332,1671,4647,4884,6070,3549
0.109,1.324,288093,89.09500000000,22.59300000000,4491,3943,4264,3973,3177,1582,1046,1792,2021,4837,4387,4952,3372
0.109,1.323,283092,90.84900000000,22.55700000000,5371,4485,4555,3825,3567,1268,920,1362,1551,4620,4853,6048,3535
0.109,1.323,276091,93.28000000000,22.55000000000,6962,6455,5725,5122,5106,1852,1280,1897,2007,4879,5705,7287,4523
0.109,1.323,289093,88.75700000000,22.53200000000,4451,3893,4160,3951,3210,1745,1383,2217,2264,4810,4305,4822,3434
0.109,1.322,284092,90.50900000000,22.50600000000,5330,4484,4634,3891,3484,1224,867,1377,1560,4743,4936,6055,3548
0.109,1.322,277091,92.93900000000,22.51100000000,7071,6338,5503,4775,5015,2050,1420,2209,2339,5145,5694,7045,4550
0.109,1.321,290093,88.42100000000,22.47000000000,4192,3615,3861,3644,2766,1712,1120,1774,1870,4243,4073,4483,3112
0.109,1.321,278091,92.59800000000,22.47100000000,6836,6155,5221,4511,4644,2112,1594,2160,2210,5052,5505,6886,4407
0.109,1.321,285092,90.17100000000,22.45200000000,5209,4407,4649,4028,3314,1344,825,1423,1798,4780,5021,5829,3552
0.109,1.320,279091,92.25800000000,22.43000000000,6511,5772,4963,4221,4220,1685,1299,1960,1917,5024,5298,6486,4113
0.109,1.320,291093,88.08500000000,22.40500000000,4230,3841,4104,3972,3137,2009,1258,2069,2182,4731,4148,4443,3343
0.109,1.320,286092,89.83300000000,22.39700000000,4857,4425,4558,4041,3283,1355,828,1449,1856,4791,4722,5526,3474
0.109,1.319,280091,91.91800000000,22.38600000000,6129,5321,4403,3689,3784,1513,1221,1682,1957,4585,5208,6408,3825
0.108,1.319,287092,89.49600000000,22.34100000000,4765,4303,4477,4145,3262,1591,874,1631,2074,4973,4721,5327,3511
0.108,1.319,281091,91.57900000000,22.34100000000,5545,4827,4269,3485,3473,1307,1084,1518,1775,4426,4886,6020,3551
0.108,1.318,282091,91.24100000000,22.29300000000,4806,4008,3545,2985,2868,1076,870,1364,1805,4143,4607,5276,3112
0.108,1.317,288092,89.16000000000,22.28200000000,4656,4024,4359,4064,3243,1652,1091,1902,2068,4819,4483,5062,3451
0.108,1.317,283091,90.90300000000,22.24400000000,4649,3942,3524,2982,2758,957,662,1214,1775,4110,4679,5272,3043
0.108,1.316,276090,93.32000000000,22.23500000000,6735,7106,6119,5232,4982,1788,1190,1499,2046,4819,5674,7529,4559
0.108,1.316,289092,88.82400000000,22.22200000000,4551,3972,4338,4056,3304,1817,1211,2014,2147,4789,4426,4961,3465
0.108,1.316,284091,90.56600000000,22.19300000000,5234,4533,4626,4001,3542,1319,985,1400,1589,4679,4961,5746,3551
0.108,1.316,277090,92.98100000000,22.19700000000,6984,6700,5331,4570,4664,1906,1142,1945,2347,5170,5644,7119,4460
0.108,1.315,290092,88.48900000000,22.15900000000,4284,3904,4179,4051,3164,1996,1177,2114,2182,4818,4256,4467,3382
0.108,1.315,278090,92.64200000000,22.15700000000,6779,6225,5147,4399,4265,2098,1288,1887,2145,4822,5279,6595,4244
0.108,1.314,285091,90.22900000000,22.14000000000,5139,4542,4572,3949,3274,1344,906,1495,1634,4664,4927,5804,3520
0.108,1.314,279090,92.30400000000,22.11600000000,6800,6041,5062,4269,4219,1606,1360,1965,2123,5056,5497,6909,4242
0.108,1.314,291092,88.15500000000,22.09500000000,4172,3875,4194,4127,3174,1992,1137,2036,2051,4811,4245,4486,3358
0.108,1.313,286091,89.89300000000,22.08600000000,4779,4318,4403,3945,3173,1313,845,1522,1744,4697,4829,5543,3425
0.108,1.313,280090,91.96600000000,22.07300000000,6451,5625,4742,4012,3927,1606,1140,1644,1959,4904,5348,6731,4007
0.107,1.312,287091,89.55800000000,22.03000000000,4873,4395,4289,3632,2983,1328,802,1573,1858,5136,4756,5506,3427
0.107,1.312,281090,91.62900000000,22.02800000000,5890,5209,4218,3513,3393,1380,1029,1402,1734,4309,5175,6281,3627
0.107,1.311,282090,91.29300000000,21.98100000000,5268,4430,3766,3152,2911,1130,705,1226,1791,4544,5163,5688,3314
0.107,1.311,288091,89.22400000000,21.97200000000,4749,4252,4554,4177,3391,1677,1058,1782,2059,4889,4722,5314,3552
0.107,1.310,283090,90.95700000000,21.93200000000,4969,4107,3667,3085,2929,952,639,1211,1665,4163,4831,5504,3143
0.107,1.310,289091,88.89000000000,21.91200000000,4814,4251,4490,4230,3404,1835,1054,1879,2175,4936,4650,5141,3571
0.107,1.310,276089,93.36000000000,21.92100000000,7713,7154,5946,5081,4767,1427,1148,1469,1852,4917,5653,7705,4569
0.107,1.309,284090,90.62100000000,21.88200000000,4562,3694,3331,2776,2670,908,626,1115,1706,3867,4554,5042,2904
0.107,1.309,277089,93.02200000000,21.88400000000,7197,6497,5097,4356,4476,1628,1136,1821,2188,5056,5460,6993,4325
0.107,1.309,290091,88.55700000000,21.85000000000,4575,4167,4362,4343,3307,1934,1109,1994,2205,4956,4660,4766,3531
0.107,1.308,278089,92.68600000000,21.84500000000,7052,6213,5102,4198,4230,1572,1007,1676,2042,4772,5052,6475,4115
0.107,1.308,285090,90.28700000000,21.83000000000,4214,3520,3375,2906,2697,1017,637,1221,1600,3896,4473,4943,2874
0.107,1.308,279089,92.34900000000,21.80400000000,7038,6041,5075,4197,4128,1549,1115,1705,1926,4831,5312,6848,4147
0.107,1.307,291091,88.22500000000,21.78700000000,4441,3962,4268,4120,3190,2048,1082,2040,2119,5006,4319,4494,3424
0.107,1.307,286090,89.95300000000,21.77600000000,5091,4358,4358,3888,3216,1311,971,1546,1598,4634,4754,5591,3443
0.107,1.307,280089,92.01400000000,21.76100000000,6730,5678,4831,4116,3850,1470,1005,1610,1879,4933,5350,6812,4022
0.106,1.306,287090,89.61900000000,21.72000000000,5021,4369,4604,4145,3463,1606,1048,1827,1862,4934,4774,5515,3597
0.106,1.306,281089,91.67800000000,21.71600000000,6113,5178,4265,3655,3403,1256,894,1232,1676,4302,5055,6318,3612
0.106,1.305,282089,91.34400000000,21.67000000000,5548,4573,3977,3406,3243,1143,721,1232,1883,4660,5293,5968,3470
0.106,1.305,288090,89.28700000000,21.66200000000,3991,3536,3525,3381,2796,1473,807,1729,2064,4427,4465,4719,3076
0.106,1.304,283089,91.01000000000,21.62100000000,5391,4495,3906,3408,3099,1149,713,1155,1861,4388,5258,5819,3386
0.106,1.304,289090,88.95500000000,21.60300000000,4718,4336,4508,4269,3348,1971,1144,1968,2152,4997,4691,4996,3591
0.106,1.304,276088,93.39900000000,21.60900000000,7662,6910,5551,4750,4787,1311,1136,1353,1938,4886,5438,7594,4443
0.106,1.303,284089,90.67600000000,21.57200000000,5076,4264,3794,3221,3042,1166,625,1191,1748,4367,5125,5562,3265
0.106,1.303,277088,93.06300000000,21.57200000000,7599,6785,5336,4495,4794,1595,1243,1638,2359,5392,5618,7411,4522
0.106,1.302,290090,88.62400000000,21.54200000000,4637,4279,4439,4314,3382,1973,1153,1975,2271,5014,4645,4823,3575
0.106,1.302,278088,92.72900000000,21.53300000000,7251,6117,4993,4227,4151,1354,975,1507,1926,4799,5085,6723,4092
0.106,1.302,285089,90.34400000000,21.52000000000,4834,4051,3966,3426,3246,1207,658,1280,1880,4727,5111,5423,3317
0.106,1.301,279088,92.39400000000,21.49200000000,6980,5923,5092,4207,4018,1372,885,1641,2076,4854,5164,6648,4071
0.106,1.301,291090,88.29400000000,21.47900000000,3813,3610,3623,3385,2680,1702,869,1906,2179,4670,4309,4276,3085
0.106,1.301,286089,90.01200000000,21.46600000000,4844,4222,4094,3539,3386,1457,852,1464,2218,4973,5083,5490,3468
0.106,1.301,280088,92.06000000000,21.45000000000,6494,5533,4596,3963,3526,1486,1001,1509,1887,4579,5178,6554,3858
0.105,1.300,287089,89.68000000000,21.41100000000,4545,3899,4119,3687,3299,1590,862,1567,2266,5051,4917,5234,3419
0.105,1.300,281088,91.72700000000,21.40600000000,6275,5260,4349,3761,3303,1175,893,1221,1628,4199,4927,6425,3618
0.105,1.299,282088,91.39400000000,21.36000000000,5587,4682,4059,3625,3261,1320,823,1199,2011,4562,5069,6052,3520
0.105,1.299,288089,89.34900000000,21.35400000000,4211,3824,4003,3723,3117,1733,883,1837,2382,5103,4848,4933,3383
0.105,1.298,283088,91.06200000000,21.31200000000,5562,4713,4152,3676,3489,1287,725,1110,2149,4854,5253,6126,3591
0.105,1.297,289089,89.01900000000,21.29500000000,4239,3860,4005,3786,2985,1650,920,1872,2407,5074,4837,4791,3368
0.105,1.297,276087,93.43700000000,21.29700000000,7487,6804,5710,4857,4751,1130,1133,1327,1743,4876,5375,7288,4373
0.105,1.297,284088,90.73100000000,21.26200000000,5637,4631,4241,3786,3408,1288,678,1238,2078,4986,5373,6139,3623
0.105,1.297,277087,93.10400000000,21.26000000000,7634,6553,5305,4609,4394,1427,1123,1430,2151,5181,5531,7250,4382
0.105,1.296,290089,88.69000000000,21.23500000000,4156,3823,3908,3609,2932,1634,947,1975,2407,5045,4661,4574,3305
0.105,1.296,278087,92.77100000000,21.22200000000,7328,6283,5057,4222,4124,1198,927,1345,1976,4704,5228,6990,4115
0.105,1.296,285088,90.40000000000,21.21100000000,5344,4505,4323,3868,3583,1341,660,1369,2224,5229,5259,6031,3644
0.105,1.295,279087,92.43900000000,21.18200000000,7113,6109,5011,4295,4062,1306,891,1436,1896,4760,5314,7027,4101
0.105,1.295,286088,90.07000000000,21.15800000000,4996,4327,4327,3926,3551,1507,869,1457,2281,5274,4948,5572,3586
0.105,1.294,280087,92.10700000000,21.14000000000,6729,5735,4868,4272,3701,1222,782,1312,1701,4652,5191,6709,3906
0.104,1.294,287088,89.74000000000,21.10300000000,4765,4154,4267,4006,3402,1672,872,1756,2312,5338,4827,5182,3546
0.104,1.293,281087,91.77500000000,21.09600000000,5926,5095,4305,3820,3434,1321,782,1213,1943,4651,5156,6428,3672
0.104,1.293,288088,89.41100000000,21.04700000000,4661,4064,4284,4045,3486,1861,919,1962,2432,5384,4826,5036,3580
0.104,1.293,282087,91.44400000000,21.05100000000,5888,5077,4388,4126,3596,1178,709,1184,1965,4974,5218,6392,3724
0.104,1.291,289088,89.08300000000,20.98900000000,4531,4025,4261,4143,3517,1867,934,2067,2570,5461,4775,4920,3589
0.104,1.291,276086,93.47500000000,20.98700000000,7581,6851,5757,4801,4477,1104,1155,1211,1741,4920,5146,7451,4349
0.104,1.291,277086,93.14400000000,20.95100000000,7469,6360,5140,4308,4193,1349,1004,1261,2004,4953,5416,7307,4230
0.104,1.290,290088,88.75500000000,20.92900000000,4417,4063,4177,4169,3380,1941,892,2085,2681,5295,4745,4753,3549
0.104,1.290,278086,92.81300000000,20.91200000000,7358,6227,4975,4271,4033,1174,932,1122,1911,4835,5476,7253,4130
0.104,1.289,279086,92.48200000000,20.87300000000,7176,6249,5268,4552,4082,1351,862,1267,2023,4973,5417,7239,4204
0.104,1.288,280086,92.15200000000,20.83100000000,6745,5595,4634,4109,3530,1124,762,1065,1773,4458,5078,6766,3803
0.103,1.287,281086,91.82300000000,20.78800000000,6203,5487,4559,4240,3534,948,738,1113,2035,4945,5194,6650,3803
0.103,1.286,282086,91.49400000000,20.74300000000,6085,5199,4490,4211,3647,1140,708,1168,1990,5029,5322,6497,3790
0.103,1.284,277085,93.18400000000,20.64200000000,7478,6376,5155,4287,4241,1198,1021,1324,1992,4846,5422,7393,4227
0.103,1.284,278085,92.85400000000,20.60400000000,7270,6138,4962,4284,4096,1189,938,1076,1999,4830,5388,7263,4119
0.103,1.283,279085,92.52600000000,20.56500000000,7093,5980,5059,4393,3805,1340,858,1040,1716,4442,5160,6979,3988
0.103,1.282,280085,92.19800000000,20.52300000000,6646,5631,4581,4132,3421,878,782,918,1673,4231,4902,6644,3703
0.102,1.281,281085,91.87000000000,20.48000000000,6305,5484,4668,4245,3766,1010,752,1107,2035,4994,5181,6770,3859
0.102,1.280,282085,91.54300000000,20.43600000000,6112,5223,4736,4380,3901,1184,717,1104,2114,4909,5222,6409,3834
0.102,1.277,278084,92.89500000000,20.29700000000,7145,6115,5141,4506,3875,1153,907,1109,1873,4437,5238,7188,4057
0.102,1.277,279084,92.56900000000,20.25800000000,7033,5942,4868,4394,3586,973,871,912,1434,4146,5140,7035,3861
0.102,1.276,280084,92.24200000000,20.21700000000,6580,5658,4847,4526,3758,973,820,882,1903,4740,5316,6699,3891
0.102,1.275,281084,91.91600000000,20.17400000000,6482,5751,4910,4671,3822,933,792,972,1948,5040,5309,6737,3947
0.101,1.271,279083,92.61100000000,19.95200000000,6848,5896,4866,4443,3756,954,890,897,1971,4560,5355,6972,3950
0.101,1.270,280083,92.28600000000,19.91100000000,6640,5911,5030,4616,3823,851,843,971,1985,4971,5446,6883,3997
