Source,Cregion,compound_values,independent_values,n_Comp,n_Indep,NOC,med_Comp,med_Indep,med_diff,ks_p,wilcox_p,cliff_d,stat_label,max_val,Dynamic_Variable
SOVI,NE,,,14,1,15,-1.1376973012202383,-1.2170716993942752,0.07937439817403691,0.7999999999999999,0.7999999999999999,0.2857142857142857,ΔMed = 0.08 | Cliff's d = 0.29 | KS p = 0.80 | NOC = 15,0.3779757305792303,Housing burden (percent) (percentile)
SOVI,MDA,,,28,7,35,-1.2832170312059727,-1.0129661040896087,-0.270250927116364,0.705030396221589,1,1.3877787807814457e-17,ΔMed = -0.27 | Cliff's d = 0 | KS p = 0.71 | NOC = 35,0.7483895887247363,Housing burden (percent) (percentile)
SOVI,SE,,,27,6,33,-0.48002371634964586,-1.379600228988732,0.899576512639086,0.15559676697051558,0.2602657353769701,0.30864197530864196,ΔMed = 0.9 | Cliff's d = 0.31 | KS p = 0.16 | NOC = 33,0.5518434599128351,Housing burden (percent) (percentile)
SOVI,GLF,,,33,5,38,-0.27213838779859656,-0.5367197150453865,0.26458132724678995,0.8684628901347168,0.7061373624841119,0.11515151515151514,ΔMed = 0.26 | Cliff's d = 0.12 | KS p = 0.87 | NOC = 38,1.4060631735953286,Housing burden (percent) (percentile)
SOVI,SW,,,15,2,17,-1.2246311658870408,-1.602604490525312,0.37797332463827127,0.8161764705882355,0.9411764705882353,0.06666666666666667,ΔMed = 0.38 | Cliff's d = 0.07 | KS p = 0.82 | NOC = 17,0.2192269342311563,Housing burden (percent) (percentile)
SOVI,NW,,,6,2,8,-0.9449309056547197,-1.2926663643219294,0.3477354586672097,0.8571428571428572,0.6428571428571428,0.3333333333333333,ΔMed = 0.35 | Cliff's d = 0.33 | KS p = 0.86 | NOC = 8,0.2948215991588106,Housing burden (percent) (percentile)
SVI,NE,,,14,1,15,0.33881888938447813,0.3067533333333333,0.032065556051144806,0.6666666666666667,0.6666666666666666,0.42857142857142855,ΔMed = 0.03 | Cliff's d = 0.43 | KS p = 0.67 | NOC = 15,0.5678503448275862,Housing burden (percent) (percentile)
SVI,MDA,,,28,7,35,0.43657174388111886,0.41893874999999997,0.017632993881118886,0.9883820703931284,0.8245290370167685,0.06122448979591837,ΔMed = 0.02 | Cliff's d = 0.06 | KS p = 0.99 | NOC = 35,0.7367710526315789,Housing burden (percent) (percentile)
SVI,SE,,,27,6,33,0.45196,0.3914229813664596,0.060537018633540385,0.42405342155064074,0.6003766811608858,0.14814814814814814,ΔMed = 0.06 | Cliff's d = 0.15 | KS p = 0.42 | NOC = 33,0.6890599713055954,Housing burden (percent) (percentile)
SVI,GLF,,,33,5,38,0.535070695970696,0.5043833333333333,0.030687362637362714,0.6178841380079771,0.5566101262695691,-0.17575757575757575,ΔMed = 0.03 | Cliff's d = -0.18 | KS p = 0.62 | NOC = 38,0.7811333333333333,Housing burden (percent) (percentile)
SVI,SW,,,15,2,17,0.5214617021276596,0.5366399008776312,-0.015178198749971616,0.8161764705882355,1,0,ΔMed = -0.02 | Cliff's d = 0 | KS p = 0.82 | NOC = 17,0.6660314285714286,Housing burden (percent) (percentile)
SVI,NW,,,6,2,8,0.47541374976012285,0.4578070553964649,0.01760669436365797,1,0.8571428571428572,0.16666666666666666,ΔMed = 0.02 | Cliff's d = 0.17 | KS p = 1.00 | NOC = 8,0.60975,Housing burden (percent) (percentile)
Housing burden (percent) (percentile),NE,,,14,1,15,48.37373737373737,56.4,-8.026262626262628,0.5333333333333333,0.5333333333333333,-0.5714285714285714,ΔMed = -8.03 | Cliff's d = -0.57 | KS p = 0.53 | NOC = 15,70.65284974093264,Housing burden (percent) (percentile)
Housing burden (percent) (percentile),MDA,,,28,7,35,51.802931201550386,55.6,-3.797068798449615,0.8424540338938691,0.9197444575969735,-0.030612244897959176,ΔMed = -3.8 | Cliff's d = -0.03 | KS p = 0.84 | NOC = 35,73.22222222222223,Housing burden (percent) (percentile)
Housing burden (percent) (percentile),SE,,,27,6,33,45.66197183098591,46.005772005772,-0.3438001747860895,0.9361845051500224,0.8025006139577886,0.07407407407407407,ΔMed = -0.34 | Cliff's d = 0.07 | KS p = 0.94 | NOC = 33,74.36758893280633,Housing burden (percent) (percentile)
Housing burden (percent) (percentile),GLF,,,33,5,38,45,34.19047619047619,10.80952380952381,0.2895991967199398,0.342068699137706,0.2727272727272727,ΔMed = 10.81 | Cliff's d = 0.27 | KS p = 0.29 | NOC = 38,58.92307692307692,Housing burden (percent) (percentile)
Housing burden (percent) (percentile),SW,,,15,2,17,56.406976744186046,61.277577139433475,-4.870600395247429,0.6397058823529412,0.5294117647058824,-0.3333333333333333,ΔMed = -4.87 | Cliff's d = -0.33 | KS p = 0.64 | NOC = 17,72.20900043271311,Housing burden (percent) (percentile)
Housing burden (percent) (percentile),NW,,,6,2,8,50.48629385964912,46.42825501606879,4.058038843580334,0.8571428571428572,0.6428571428571428,0.3333333333333333,ΔMed = 4.06 | Cliff's d = 0.33 | KS p = 0.86 | NOC = 8,54.906976744186046,Housing burden (percent) (percentile)
SOVI,NE,,,14,1,15,-1.1376973012202383,-1.2170716993942752,0.07937439817403691,0.7999999999999999,0.7999999999999999,0.2857142857142857,ΔMed = 0.08 | Cliff's d = 0.29 | KS p = 0.80 | NOC = 15,0.3779757305792303,Expected building loss rate (Natural Hazards Risk Index) (percentile)
SOVI,MDA,,,28,7,35,-1.2832170312059727,-1.0129661040896087,-0.270250927116364,0.705030396221589,1,1.3877787807814457e-17,ΔMed = -0.27 | Cliff's d = 0 | KS p = 0.71 | NOC = 35,0.7483895887247363,Expected building loss rate (Natural Hazards Risk Index) (percentile)
SOVI,SE,,,27,6,33,-0.48002371634964586,-1.379600228988732,0.899576512639086,0.15559676697051558,0.2602657353769701,0.30864197530864196,ΔMed = 0.9 | Cliff's d = 0.31 | KS p = 0.16 | NOC = 33,0.5518434599128351,Expected building loss rate (Natural Hazards Risk Index) (percentile)
SOVI,GLF,,,33,5,38,-0.27213838779859656,-0.5367197150453865,0.26458132724678995,0.8684628901347168,0.7061373624841119,0.11515151515151514,ΔMed = 0.26 | Cliff's d = 0.12 | KS p = 0.87 | NOC = 38,1.4060631735953286,Expected building loss rate (Natural Hazards Risk Index) (percentile)
SOVI,SW,,,15,2,17,-1.2246311658870408,-1.602604490525312,0.37797332463827127,0.8161764705882355,0.9411764705882353,0.06666666666666667,ΔMed = 0.38 | Cliff's d = 0.07 | KS p = 0.82 | NOC = 17,0.2192269342311563,Expected building loss rate (Natural Hazards Risk Index) (percentile)
SOVI,NW,,,6,2,8,-0.9449309056547197,-1.2926663643219294,0.3477354586672097,0.8571428571428572,0.6428571428571428,0.3333333333333333,ΔMed = 0.35 | Cliff's d = 0.33 | KS p = 0.86 | NOC = 8,0.2948215991588106,Expected building loss rate (Natural Hazards Risk Index) (percentile)
SVI,NE,,,14,1,15,0.33881888938447813,0.3067533333333333,0.032065556051144806,0.6666666666666667,0.6666666666666666,0.42857142857142855,ΔMed = 0.03 | Cliff's d = 0.43 | KS p = 0.67 | NOC = 15,0.5678503448275862,Expected building loss rate (Natural Hazards Risk Index) (percentile)
SVI,MDA,,,28,7,35,0.43657174388111886,0.41893874999999997,0.017632993881118886,0.9883820703931284,0.8245290370167685,0.06122448979591837,ΔMed = 0.02 | Cliff's d = 0.06 | KS p = 0.99 | NOC = 35,0.7367710526315789,Expected building loss rate (Natural Hazards Risk Index) (percentile)
SVI,SE,,,27,6,33,0.45196,0.3914229813664596,0.060537018633540385,0.42405342155064074,0.6003766811608858,0.14814814814814814,ΔMed = 0.06 | Cliff's d = 0.15 | KS p = 0.42 | NOC = 33,0.6890599713055954,Expected building loss rate (Natural Hazards Risk Index) (percentile)
SVI,GLF,,,33,5,38,0.535070695970696,0.5043833333333333,0.030687362637362714,0.6178841380079771,0.5566101262695691,-0.17575757575757575,ΔMed = 0.03 | Cliff's d = -0.18 | KS p = 0.62 | NOC = 38,0.7811333333333333,Expected building loss rate (Natural Hazards Risk Index) (percentile)
SVI,SW,,,15,2,17,0.5214617021276596,0.5366399008776312,-0.015178198749971616,0.8161764705882355,1,0,ΔMed = -0.02 | Cliff's d = 0 | KS p = 0.82 | NOC = 17,0.6660314285714286,Expected building loss rate (Natural Hazards Risk Index) (percentile)
SVI,NW,,,6,2,8,0.47541374976012285,0.4578070553964649,0.01760669436365797,1,0.8571428571428572,0.16666666666666666,ΔMed = 0.02 | Cliff's d = 0.17 | KS p = 1.00 | NOC = 8,0.60975,Expected building loss rate (Natural Hazards Risk Index) (percentile)
Expected building loss rate (Natural Hazards Risk Index) (percentile),NE,,,14,1,15,23.24691358024691,30.28,-7.03308641975309,0.7999999999999999,0.7999999999999999,-0.2857142857142857,ΔMed = -7.03 | Cliff's d = -0.29 | KS p = 0.80 | NOC = 15,49.1,Expected building loss rate (Natural Hazards Risk Index) (percentile)
Expected building loss rate (Natural Hazards Risk Index) (percentile),MDA,,,28,7,35,40.952302631578945,63.12987012987013,-22.177567498291182,0.42525637517622067,0.6717749370958819,-0.11224489795918367,ΔMed = -22.18 | Cliff's d = -0.11 | KS p = 0.43 | NOC = 35,83.3125,Expected building loss rate (Natural Hazards Risk Index) (percentile)
Expected building loss rate (Natural Hazards Risk Index) (percentile),SE,,,27,6,33,69.57142857142857,37.61281832408593,31.95861024734264,0.1850206939889921,0.0799102177022088,0.4691358024691358,ΔMed = 31.96 | Cliff's d = 0.47 | KS p = 0.19 | NOC = 33,97.6,Expected building loss rate (Natural Hazards Risk Index) (percentile)
Expected building loss rate (Natural Hazards Risk Index) (percentile),GLF,,,33,5,38,93.30434782608695,95.63636363636364,-2.332015810276687,0.2895991967199398,0.32057769501377015,-0.28484848484848485,ΔMed = -2.33 | Cliff's d = -0.28 | KS p = 0.29 | NOC = 38,99,Expected building loss rate (Natural Hazards Risk Index) (percentile)
Expected building loss rate (Natural Hazards Risk Index) (percentile),SW,,,15,2,17,24.21505376344086,11.680775640136904,12.534278123303956,0.14705882352941177,0.17647058823529413,0.6666666666666666,ΔMed = 12.53 | Cliff's d = 0.67 | KS p = 0.15 | NOC = 17,64.45454545454545,Expected building loss rate (Natural Hazards Risk Index) (percentile)
Expected building loss rate (Natural Hazards Risk Index) (percentile),NW,,,6,2,8,12.391356542617046,21.270998002258317,-8.87964145964127,0.42857142857142855,0.42857142857142855,-0.5,ΔMed = -8.88 | Cliff's d = -0.5 | KS p = 0.43 | NOC = 8,41,Expected building loss rate (Natural Hazards Risk Index) (percentile)
SOVI,NE,,,14,1,15,-1.1376973012202383,-1.2170716993942752,0.07937439817403691,0.7999999999999999,0.7999999999999999,0.2857142857142857,ΔMed = 0.08 | Cliff's d = 0.29 | KS p = 0.80 | NOC = 15,0.3779757305792303,Expected population loss rate (Natural Hazards Risk Index) (percentile)
SOVI,MDA,,,28,7,35,-1.2832170312059727,-1.0129661040896087,-0.270250927116364,0.705030396221589,1,1.3877787807814457e-17,ΔMed = -0.27 | Cliff's d = 0 | KS p = 0.71 | NOC = 35,0.7483895887247363,Expected population loss rate (Natural Hazards Risk Index) (percentile)
SOVI,SE,,,27,6,33,-0.48002371634964586,-1.379600228988732,0.899576512639086,0.15559676697051558,0.2602657353769701,0.30864197530864196,ΔMed = 0.9 | Cliff's d = 0.31 | KS p = 0.16 | NOC = 33,0.5518434599128351,Expected population loss rate (Natural Hazards Risk Index) (percentile)
SOVI,GLF,,,33,5,38,-0.27213838779859656,-0.5367197150453865,0.26458132724678995,0.8684628901347168,0.7061373624841119,0.11515151515151514,ΔMed = 0.26 | Cliff's d = 0.12 | KS p = 0.87 | NOC = 38,1.4060631735953286,Expected population loss rate (Natural Hazards Risk Index) (percentile)
SOVI,SW,,,15,2,17,-1.2246311658870408,-1.602604490525312,0.37797332463827127,0.8161764705882355,0.9411764705882353,0.06666666666666667,ΔMed = 0.38 | Cliff's d = 0.07 | KS p = 0.82 | NOC = 17,0.2192269342311563,Expected population loss rate (Natural Hazards Risk Index) (percentile)
SOVI,NW,,,6,2,8,-0.9449309056547197,-1.2926663643219294,0.3477354586672097,0.8571428571428572,0.6428571428571428,0.3333333333333333,ΔMed = 0.35 | Cliff's d = 0.33 | KS p = 0.86 | NOC = 8,0.2948215991588106,Expected population loss rate (Natural Hazards Risk Index) (percentile)
SVI,NE,,,14,1,15,0.33881888938447813,0.3067533333333333,0.032065556051144806,0.6666666666666667,0.6666666666666666,0.42857142857142855,ΔMed = 0.03 | Cliff's d = 0.43 | KS p = 0.67 | NOC = 15,0.5678503448275862,Expected population loss rate (Natural Hazards Risk Index) (percentile)
SVI,MDA,,,28,7,35,0.43657174388111886,0.41893874999999997,0.017632993881118886,0.9883820703931284,0.8245290370167685,0.06122448979591837,ΔMed = 0.02 | Cliff's d = 0.06 | KS p = 0.99 | NOC = 35,0.7367710526315789,Expected population loss rate (Natural Hazards Risk Index) (percentile)
SVI,SE,,,27,6,33,0.45196,0.3914229813664596,0.060537018633540385,0.42405342155064074,0.6003766811608858,0.14814814814814814,ΔMed = 0.06 | Cliff's d = 0.15 | KS p = 0.42 | NOC = 33,0.6890599713055954,Expected population loss rate (Natural Hazards Risk Index) (percentile)
SVI,GLF,,,33,5,38,0.535070695970696,0.5043833333333333,0.030687362637362714,0.6178841380079771,0.5566101262695691,-0.17575757575757575,ΔMed = 0.03 | Cliff's d = -0.18 | KS p = 0.62 | NOC = 38,0.7811333333333333,Expected population loss rate (Natural Hazards Risk Index) (percentile)
SVI,SW,,,15,2,17,0.5214617021276596,0.5366399008776312,-0.015178198749971616,0.8161764705882355,1,0,ΔMed = -0.02 | Cliff's d = 0 | KS p = 0.82 | NOC = 17,0.6660314285714286,Expected population loss rate (Natural Hazards Risk Index) (percentile)
SVI,NW,,,6,2,8,0.47541374976012285,0.4578070553964649,0.01760669436365797,1,0.8571428571428572,0.16666666666666666,ΔMed = 0.02 | Cliff's d = 0.17 | KS p = 1.00 | NOC = 8,0.60975,Expected population loss rate (Natural Hazards Risk Index) (percentile)
Expected population loss rate (Natural Hazards Risk Index) (percentile),NE,,,14,1,15,18.012637769209796,25.72,-7.707362230790203,0.5333333333333333,0.5333333333333333,-0.5714285714285714,ΔMed = -7.71 | Cliff's d = -0.57 | KS p = 0.53 | NOC = 15,33.859375,Expected population loss rate (Natural Hazards Risk Index) (percentile)
Expected population loss rate (Natural Hazards Risk Index) (percentile),MDA,,,28,7,35,42.59016727866177,44.55555555555556,-1.9653882768937905,0.5556032252116138,0.7932607829257702,-0.07142857142857142,ΔMed = -1.97 | Cliff's d = -0.07 | KS p = 0.56 | NOC = 35,66.80851063829788,Expected population loss rate (Natural Hazards Risk Index) (percentile)
Expected population loss rate (Natural Hazards Risk Index) (percentile),SE,,,27,6,33,64.47058823529412,39.35353535353535,25.117052881758767,0.22603397714632423,0.30206723198936775,0.2839506172839506,ΔMed = 25.12 | Cliff's d = 0.28 | KS p = 0.23 | NOC = 33,93.21428571428571,Expected population loss rate (Natural Hazards Risk Index) (percentile)
Expected population loss rate (Natural Hazards Risk Index) (percentile),GLF,,,33,5,38,74.32101910828025,84.18181818181819,-9.860799073537933,0.6178841380079771,0.3992174394651175,-0.2484848484848485,ΔMed = -9.86 | Cliff's d = -0.25 | KS p = 0.62 | NOC = 38,97.15384615384616,Expected population loss rate (Natural Hazards Risk Index) (percentile)
Expected population loss rate (Natural Hazards Risk Index) (percentile),SW,,,15,2,17,8.773584905660377,19.798283972702578,-11.024699067042201,0.8161764705882355,0.7205882352941176,-0.2,ΔMed = -11.02 | Cliff's d = -0.2 | KS p = 0.82 | NOC = 17,62.74545454545454,Expected population loss rate (Natural Hazards Risk Index) (percentile)
Expected population loss rate (Natural Hazards Risk Index) (percentile),NW,,,6,2,8,85.76845637583892,96.69716841830973,-10.928712042470806,0.42857142857142855,0.2857142857142857,-0.6666666666666666,ΔMed = -10.93 | Cliff's d = -0.67 | KS p = 0.43 | NOC = 8,98.56675062972292,Expected population loss rate (Natural Hazards Risk Index) (percentile)
SOVI,NE,,,14,1,15,-1.1376973012202383,-1.2170716993942752,0.07937439817403691,0.7999999999999999,0.7999999999999999,0.2857142857142857,ΔMed = 0.08 | Cliff's d = 0.29 | KS p = 0.800 | NOC = 15,0.3779757305792303,Share of properties at risk of flood in 30 years (percentile)
SOVI,MDA,,,28,7,35,-1.2832170312059727,-1.0129661040896087,-0.270250927116364,0.705030396221589,1,1.3877787807814457e-17,ΔMed = -0.27 | Cliff's d = 0 | KS p = 0.705 | NOC = 35,0.7483895887247363,Share of properties at risk of flood in 30 years (percentile)
SOVI,SE,,,27,6,33,-0.48002371634964586,-1.379600228988732,0.899576512639086,0.15559676697051558,0.2602657353769701,0.30864197530864196,ΔMed = 0.9 | Cliff's d = 0.31 | KS p = 0.156 | NOC = 33,0.5518434599128351,Share of properties at risk of flood in 30 years (percentile)
SOVI,GLF,,,33,5,38,-0.27213838779859656,-0.5367197150453865,0.26458132724678995,0.8684628901347168,0.7061373624841119,0.11515151515151514,ΔMed = 0.26 | Cliff's d = 0.12 | KS p = 0.868 | NOC = 38,1.4060631735953286,Share of properties at risk of flood in 30 years (percentile)
SOVI,SW,,,15,2,17,-1.2246311658870408,-1.602604490525312,0.37797332463827127,0.8161764705882355,0.9411764705882353,0.06666666666666667,ΔMed = 0.38 | Cliff's d = 0.07 | KS p = 0.816 | NOC = 17,0.2192269342311563,Share of properties at risk of flood in 30 years (percentile)
SOVI,NW,,,6,2,8,-0.9449309056547197,-1.2926663643219294,0.3477354586672097,0.8571428571428572,0.6428571428571428,0.3333333333333333,ΔMed = 0.35 | Cliff's d = 0.33 | KS p = 0.857 | NOC = 8,0.2948215991588106,Share of properties at risk of flood in 30 years (percentile)
SVI,NE,,,14,1,15,0.33881888938447813,0.3067533333333333,0.032065556051144806,0.6666666666666667,0.6666666666666666,0.42857142857142855,ΔMed = 0.03 | Cliff's d = 0.43 | KS p = 0.667 | NOC = 15,0.5678503448275862,Share of properties at risk of flood in 30 years (percentile)
SVI,MDA,,,28,7,35,0.43657174388111886,0.41893874999999997,0.017632993881118886,0.9883820703931284,0.8245290370167685,0.06122448979591837,ΔMed = 0.02 | Cliff's d = 0.06 | KS p = 0.988 | NOC = 35,0.7367710526315789,Share of properties at risk of flood in 30 years (percentile)
SVI,SE,,,27,6,33,0.45196,0.3914229813664596,0.060537018633540385,0.42405342155064074,0.6003766811608858,0.14814814814814814,ΔMed = 0.06 | Cliff's d = 0.15 | KS p = 0.424 | NOC = 33,0.6890599713055954,Share of properties at risk of flood in 30 years (percentile)
SVI,GLF,,,33,5,38,0.535070695970696,0.5043833333333333,0.030687362637362714,0.6178841380079771,0.5566101262695691,-0.17575757575757575,ΔMed = 0.03 | Cliff's d = -0.18 | KS p = 0.618 | NOC = 38,0.7811333333333333,Share of properties at risk of flood in 30 years (percentile)
SVI,SW,,,15,2,17,0.5214617021276596,0.5366399008776312,-0.015178198749971616,0.8161764705882355,1,0,ΔMed = -0.02 | Cliff's d = 0 | KS p = 0.816 | NOC = 17,0.6660314285714286,Share of properties at risk of flood in 30 years (percentile)
SVI,NW,,,6,2,8,0.47541374976012285,0.4578070553964649,0.01760669436365797,1,0.8571428571428572,0.16666666666666666,ΔMed = 0.02 | Cliff's d = 0.17 | KS p = 1.000 | NOC = 8,0.60975,Share of properties at risk of flood in 30 years (percentile)
Share of properties at risk of flood in 30 years (percentile),NE,,,14,1,15,55.93214285714286,45.76,10.172142857142859,0.6666666666666667,0.6666666666666666,0.42857142857142855,ΔMed = 10.17 | Cliff's d = 0.43 | KS p = 0.667 | NOC = 15,66.70370370370371,Share of properties at risk of flood in 30 years (percentile)
Share of properties at risk of flood in 30 years (percentile),MDA,,,28,7,35,44.848504765034505,47.111111111111114,-2.262606346076609,0.8424540338938691,0.7932607829257702,0.07142857142857144,ΔMed = -2.26 | Cliff's d = 0.07 | KS p = 0.842 | NOC = 35,85.84375,Share of properties at risk of flood in 30 years (percentile)
Share of properties at risk of flood in 30 years (percentile),SE,,,27,6,33,77.61904761904762,39.76084791577749,37.85819970327013,0.030638299409155922,0.009666223653987836,0.6666666666666666,ΔMed = 37.86 | Cliff's d = 0.67 | KS p = 0.031 | NOC = 33,98.34482758620689,Share of properties at risk of flood in 30 years (percentile)
Share of properties at risk of flood in 30 years (percentile),GLF,,,33,5,38,78.6,81,-2.4000000000000057,0.6178841380079771,0.5011774268740213,0.19999999999999998,ΔMed = -2.4 | Cliff's d = 0.2 | KS p = 0.618 | NOC = 38,97.53846153846153,Share of properties at risk of flood in 30 years (percentile)
Share of properties at risk of flood in 30 years (percentile),SW,,,15,2,17,52.31545741324921,58.280469629637686,-5.965012216388473,0.3088235294117648,0.44117647058823534,-0.4,ΔMed = -5.97 | Cliff's d = -0.4 | KS p = 0.309 | NOC = 17,81.83636363636364,Share of properties at risk of flood in 30 years (percentile)
Share of properties at risk of flood in 30 years (percentile),NW,,,6,2,8,60.18037214885955,50.40962390341353,9.770748245446015,0.8571428571428572,0.6428571428571428,0.3333333333333333,ΔMed = 9.77 | Cliff's d = 0.33 | KS p = 0.857 | NOC = 8,89.75,Share of properties at risk of flood in 30 years (percentile)
SOVI,NE,,,14,1,15,-1.1376973012202383,-1.2170716993942752,0.07937439817403691,0.7999999999999999,0.7999999999999999,0.2857142857142857,ΔMed = 0.08 | Cliff's d = 0.29 | KS p = 0.80 | NOC = 15,0.3779757305792303,Energy burden (percentile)
SOVI,MDA,,,28,7,35,-1.2832170312059727,-1.0129661040896087,-0.270250927116364,0.705030396221589,1,1.3877787807814457e-17,ΔMed = -0.27 | Cliff's d = 0 | KS p = 0.71 | NOC = 35,0.7483895887247363,Energy burden (percentile)
SOVI,SE,,,27,6,33,-0.48002371634964586,-1.379600228988732,0.899576512639086,0.15559676697051558,0.2602657353769701,0.30864197530864196,ΔMed = 0.9 | Cliff's d = 0.31 | KS p = 0.16 | NOC = 33,0.5518434599128351,Energy burden (percentile)
SOVI,GLF,,,33,5,38,-0.27213838779859656,-0.5367197150453865,0.26458132724678995,0.8684628901347168,0.7061373624841119,0.11515151515151514,ΔMed = 0.26 | Cliff's d = 0.12 | KS p = 0.87 | NOC = 38,1.4060631735953286,Energy burden (percentile)
SOVI,SW,,,15,2,17,-1.2246311658870408,-1.602604490525312,0.37797332463827127,0.8161764705882355,0.9411764705882353,0.06666666666666667,ΔMed = 0.38 | Cliff's d = 0.07 | KS p = 0.82 | NOC = 17,0.2192269342311563,Energy burden (percentile)
SOVI,NW,,,6,2,8,-0.9449309056547197,-1.2926663643219294,0.3477354586672097,0.8571428571428572,0.6428571428571428,0.3333333333333333,ΔMed = 0.35 | Cliff's d = 0.33 | KS p = 0.86 | NOC = 8,0.2948215991588106,Energy burden (percentile)
SVI,NE,,,14,1,15,0.33881888938447813,0.3067533333333333,0.032065556051144806,0.6666666666666667,0.6666666666666666,0.42857142857142855,ΔMed = 0.03 | Cliff's d = 0.43 | KS p = 0.67 | NOC = 15,0.5678503448275862,Energy burden (percentile)
SVI,MDA,,,28,7,35,0.43657174388111886,0.41893874999999997,0.017632993881118886,0.9883820703931284,0.8245290370167685,0.06122448979591837,ΔMed = 0.02 | Cliff's d = 0.06 | KS p = 0.99 | NOC = 35,0.7367710526315789,Energy burden (percentile)
SVI,SE,,,27,6,33,0.45196,0.3914229813664596,0.060537018633540385,0.42405342155064074,0.6003766811608858,0.14814814814814814,ΔMed = 0.06 | Cliff's d = 0.15 | KS p = 0.42 | NOC = 33,0.6890599713055954,Energy burden (percentile)
SVI,GLF,,,33,5,38,0.535070695970696,0.5043833333333333,0.030687362637362714,0.6178841380079771,0.5566101262695691,-0.17575757575757575,ΔMed = 0.03 | Cliff's d = -0.18 | KS p = 0.62 | NOC = 38,0.7811333333333333,Energy burden (percentile)
SVI,SW,,,15,2,17,0.5214617021276596,0.5366399008776312,-0.015178198749971616,0.8161764705882355,1,0,ΔMed = -0.02 | Cliff's d = 0 | KS p = 0.82 | NOC = 17,0.6660314285714286,Energy burden (percentile)
SVI,NW,,,6,2,8,0.47541374976012285,0.4578070553964649,0.01760669436365797,1,0.8571428571428572,0.16666666666666666,ΔMed = 0.02 | Cliff's d = 0.17 | KS p = 1.00 | NOC = 8,0.60975,Energy burden (percentile)
Energy burden (percentile),NE,,,14,1,15,61.20424107142857,68.92,-7.715758928571432,0.5333333333333333,0.5333333333333333,-0.5714285714285714,ΔMed = -7.72 | Cliff's d = -0.57 | KS p = 0.53 | NOC = 15,83.67391304347827,Energy burden (percentile)
Energy burden (percentile),MDA,,,28,7,35,44.54746734628863,51.666666666666664,-7.119199320378037,0.8424540338938691,0.5579767775246413,-0.15306122448979592,ΔMed = -7.12 | Cliff's d = -0.15 | KS p = 0.84 | NOC = 35,81.6,Energy burden (percentile)
Energy burden (percentile),SE,,,27,6,33,49.2,40.52403308741337,8.675966912586631,0.42405342155064074,0.6003766811608858,0.14814814814814814,ΔMed = 8.68 | Cliff's d = 0.15 | KS p = 0.42 | NOC = 33,67.2,Energy burden (percentile)
Energy burden (percentile),GLF,,,33,5,38,49,53.63636363636363,-4.636363636363633,0.5078594738037462,0.6146965187212866,-0.15151515151515152,ΔMed = -4.64 | Cliff's d = -0.15 | KS p = 0.51 | NOC = 38,79.66666666666667,Energy burden (percentile)
Energy burden (percentile),SW,,,15,2,17,19.890675241157556,12.966458153580673,6.924217087576883,0.6397058823529412,0.36764705882352944,0.4666666666666667,ΔMed = 6.92 | Cliff's d = 0.47 | KS p = 0.64 | NOC = 17,57.666666666666664,Energy burden (percentile)
Energy burden (percentile),NW,,,6,2,8,30.280312124849942,23.14279510118996,7.137517023659981,0.8571428571428572,0.6428571428571428,0.3333333333333333,ΔMed = 7.14 | Cliff's d = 0.33 | KS p = 0.86 | NOC = 8,70.0625,Energy burden (percentile)
SOVI,NE,,,14,1,15,-1.1376973012202383,-1.2170716993942752,0.07937439817403691,0.7999999999999999,0.7999999999999999,0.2857142857142857,ΔMed = 0.08 | Cliff's d = 0.29 | KS p = 0.800 | NOC = 15,0.3779757305792303,Traffic proximity and volume (percentile)
SOVI,MDA,,,28,7,35,-1.2832170312059727,-1.0129661040896087,-0.270250927116364,0.705030396221589,1,1.3877787807814457e-17,ΔMed = -0.27 | Cliff's d = 0 | KS p = 0.705 | NOC = 35,0.7483895887247363,Traffic proximity and volume (percentile)
SOVI,SE,,,27,6,33,-0.48002371634964586,-1.379600228988732,0.899576512639086,0.15559676697051558,0.2602657353769701,0.30864197530864196,ΔMed = 0.9 | Cliff's d = 0.31 | KS p = 0.156 | NOC = 33,0.5518434599128351,Traffic proximity and volume (percentile)
SOVI,GLF,,,33,5,38,-0.27213838779859656,-0.5367197150453865,0.26458132724678995,0.8684628901347168,0.7061373624841119,0.11515151515151514,ΔMed = 0.26 | Cliff's d = 0.12 | KS p = 0.868 | NOC = 38,1.4060631735953286,Traffic proximity and volume (percentile)
SOVI,SW,,,15,2,17,-1.2246311658870408,-1.602604490525312,0.37797332463827127,0.8161764705882355,0.9411764705882353,0.06666666666666667,ΔMed = 0.38 | Cliff's d = 0.07 | KS p = 0.816 | NOC = 17,0.2192269342311563,Traffic proximity and volume (percentile)
SOVI,NW,,,6,2,8,-0.9449309056547197,-1.2926663643219294,0.3477354586672097,0.8571428571428572,0.6428571428571428,0.3333333333333333,ΔMed = 0.35 | Cliff's d = 0.33 | KS p = 0.857 | NOC = 8,0.2948215991588106,Traffic proximity and volume (percentile)
SVI,NE,,,14,1,15,0.33881888938447813,0.3067533333333333,0.032065556051144806,0.6666666666666667,0.6666666666666666,0.42857142857142855,ΔMed = 0.03 | Cliff's d = 0.43 | KS p = 0.667 | NOC = 15,0.5678503448275862,Traffic proximity and volume (percentile)
SVI,MDA,,,28,7,35,0.43657174388111886,0.41893874999999997,0.017632993881118886,0.9883820703931284,0.8245290370167685,0.06122448979591837,ΔMed = 0.02 | Cliff's d = 0.06 | KS p = 0.988 | NOC = 35,0.7367710526315789,Traffic proximity and volume (percentile)
SVI,SE,,,27,6,33,0.45196,0.3914229813664596,0.060537018633540385,0.42405342155064074,0.6003766811608858,0.14814814814814814,ΔMed = 0.06 | Cliff's d = 0.15 | KS p = 0.424 | NOC = 33,0.6890599713055954,Traffic proximity and volume (percentile)
SVI,GLF,,,33,5,38,0.535070695970696,0.5043833333333333,0.030687362637362714,0.6178841380079771,0.5566101262695691,-0.17575757575757575,ΔMed = 0.03 | Cliff's d = -0.18 | KS p = 0.618 | NOC = 38,0.7811333333333333,Traffic proximity and volume (percentile)
SVI,SW,,,15,2,17,0.5214617021276596,0.5366399008776312,-0.015178198749971616,0.8161764705882355,1,0,ΔMed = -0.02 | Cliff's d = 0 | KS p = 0.816 | NOC = 17,0.6660314285714286,Traffic proximity and volume (percentile)
SVI,NW,,,6,2,8,0.47541374976012285,0.4578070553964649,0.01760669436365797,1,0.8571428571428572,0.16666666666666666,ΔMed = 0.02 | Cliff's d = 0.17 | KS p = 1.000 | NOC = 8,0.60975,Traffic proximity and volume (percentile)
Traffic proximity and volume (percentile),NE,,,14,1,15,54.366282051282056,49,5.366282051282056,0.7999999999999999,0.7999999999999999,0.2857142857142857,ΔMed = 5.37 | Cliff's d = 0.29 | KS p = 0.800 | NOC = 15,87.62,Traffic proximity and volume (percentile)
Traffic proximity and volume (percentile),MDA,,,28,7,35,48.28225806451613,31.607142857142858,16.67511520737327,0.3111686782104894,0.19865685580532141,0.32653061224489793,ΔMed = 16.68 | Cliff's d = 0.33 | KS p = 0.311 | NOC = 35,91.08379888268156,Traffic proximity and volume (percentile)
Traffic proximity and volume (percentile),SE,,,27,6,33,40.55882352941177,48.17287873582961,-7.614055206417845,0.06729880242116061,0.5382188723401182,-0.1728395061728395,ΔMed = -7.61 | Cliff's d = -0.17 | KS p = 0.067 | NOC = 33,82.28947368421052,Traffic proximity and volume (percentile)
Traffic proximity and volume (percentile),GLF,,,33,5,38,42.71875,44.45238095238095,-1.733630952380949,0.697152260619753,0.6751377649210468,0.12727272727272726,ΔMed = -1.73 | Cliff's d = 0.13 | KS p = 0.697 | NOC = 38,68.80327868852459,Traffic proximity and volume (percentile)
Traffic proximity and volume (percentile),SW,,,15,2,17,54.51162790697674,69.67066792066791,-15.159040013691168,0.14705882352941177,0.08823529411764705,-0.8,ΔMed = -15.16 | Cliff's d = -0.8 | KS p = 0.147 | NOC = 17,73.03846153846153,Traffic proximity and volume (percentile)
Traffic proximity and volume (percentile),NW,,,6,2,8,44.71755438859715,52.93194327829089,-8.214388889693737,0.8571428571428572,0.42857142857142855,-0.5,ΔMed = -8.21 | Cliff's d = -0.5 | KS p = 0.857 | NOC = 8,64.23425692695214,Traffic proximity and volume (percentile)
SOVI,NE,,,14,1,15,-1.1376973012202383,-1.2170716993942752,0.07937439817403691,0.7999999999999999,0.7999999999999999,0.2857142857142857,ΔMed = 0.08 | Cliff's d = 0.29 | KS p = 0.800 | NOC = 15,0.3779757305792303,DOT Travel Barriers Score (percentile)
SOVI,MDA,,,28,7,35,-1.2832170312059727,-1.0129661040896087,-0.270250927116364,0.705030396221589,1,1.3877787807814457e-17,ΔMed = -0.27 | Cliff's d = 0 | KS p = 0.705 | NOC = 35,0.7483895887247363,DOT Travel Barriers Score (percentile)
SOVI,SE,,,27,6,33,-0.48002371634964586,-1.379600228988732,0.899576512639086,0.15559676697051558,0.2602657353769701,0.30864197530864196,ΔMed = 0.9 | Cliff's d = 0.31 | KS p = 0.156 | NOC = 33,0.5518434599128351,DOT Travel Barriers Score (percentile)
SOVI,GLF,,,33,5,38,-0.27213838779859656,-0.5367197150453865,0.26458132724678995,0.8684628901347168,0.7061373624841119,0.11515151515151514,ΔMed = 0.26 | Cliff's d = 0.12 | KS p = 0.868 | NOC = 38,1.4060631735953286,DOT Travel Barriers Score (percentile)
SOVI,SW,,,15,2,17,-1.2246311658870408,-1.602604490525312,0.37797332463827127,0.8161764705882355,0.9411764705882353,0.06666666666666667,ΔMed = 0.38 | Cliff's d = 0.07 | KS p = 0.816 | NOC = 17,0.2192269342311563,DOT Travel Barriers Score (percentile)
SOVI,NW,,,6,2,8,-0.9449309056547197,-1.2926663643219294,0.3477354586672097,0.8571428571428572,0.6428571428571428,0.3333333333333333,ΔMed = 0.35 | Cliff's d = 0.33 | KS p = 0.857 | NOC = 8,0.2948215991588106,DOT Travel Barriers Score (percentile)
SVI,NE,,,14,1,15,0.33881888938447813,0.3067533333333333,0.032065556051144806,0.6666666666666667,0.6666666666666666,0.42857142857142855,ΔMed = 0.03 | Cliff's d = 0.43 | KS p = 0.667 | NOC = 15,0.5678503448275862,DOT Travel Barriers Score (percentile)
SVI,MDA,,,28,7,35,0.43657174388111886,0.41893874999999997,0.017632993881118886,0.9883820703931284,0.8245290370167685,0.06122448979591837,ΔMed = 0.02 | Cliff's d = 0.06 | KS p = 0.988 | NOC = 35,0.7367710526315789,DOT Travel Barriers Score (percentile)
SVI,SE,,,27,6,33,0.45196,0.3914229813664596,0.060537018633540385,0.42405342155064074,0.6003766811608858,0.14814814814814814,ΔMed = 0.06 | Cliff's d = 0.15 | KS p = 0.424 | NOC = 33,0.6890599713055954,DOT Travel Barriers Score (percentile)
SVI,GLF,,,33,5,38,0.535070695970696,0.5043833333333333,0.030687362637362714,0.6178841380079771,0.5566101262695691,-0.17575757575757575,ΔMed = 0.03 | Cliff's d = -0.18 | KS p = 0.618 | NOC = 38,0.7811333333333333,DOT Travel Barriers Score (percentile)
SVI,SW,,,15,2,17,0.5214617021276596,0.5366399008776312,-0.015178198749971616,0.8161764705882355,1,0,ΔMed = -0.02 | Cliff's d = 0 | KS p = 0.816 | NOC = 17,0.6660314285714286,DOT Travel Barriers Score (percentile)
SVI,NW,,,6,2,8,0.47541374976012285,0.4578070553964649,0.01760669436365797,1,0.8571428571428572,0.16666666666666666,ΔMed = 0.02 | Cliff's d = 0.17 | KS p = 1.000 | NOC = 8,0.60975,DOT Travel Barriers Score (percentile)
DOT Travel Barriers Score (percentile),NE,,,14,1,15,41.08369543147208,67.52,-26.436304568527916,0.13333333333333336,0.13333333333333333,-1,ΔMed = -26.44 | Cliff's d = -1 | KS p = 0.133 | NOC = 15,67.52,DOT Travel Barriers Score (percentile)
DOT Travel Barriers Score (percentile),MDA,,,28,7,35,48.99156545209176,68.15189873417721,-19.160333282085446,0.09792029765693312,0.10432625674397578,-0.40816326530612246,ΔMed = -19.16 | Cliff's d = -0.41 | KS p = 0.098 | NOC = 35,90.88888888888889,DOT Travel Barriers Score (percentile)
DOT Travel Barriers Score (percentile),SE,,,27,6,33,50.6764705882353,46.8271843450081,3.8492862432271977,0.8404116045245078,0.5382188723401182,0.1728395061728395,ΔMed = 3.85 | Cliff's d = 0.17 | KS p = 0.840 | NOC = 33,89,DOT Travel Barriers Score (percentile)
DOT Travel Barriers Score (percentile),GLF,,,33,5,38,56.54945054945055,69.28571428571429,-12.736263736263744,0.4300098417745477,0.5285431384502592,-0.18787878787878787,ΔMed = -12.74 | Cliff's d = -0.19 | KS p = 0.430 | NOC = 38,90.57142857142857,DOT Travel Barriers Score (percentile)
DOT Travel Barriers Score (percentile),SW,,,15,2,17,37.39306358381503,41.709691578877624,-4.316627995062596,0.6397058823529412,0.8235294117647058,-0.13333333333333333,ΔMed = -4.32 | Cliff's d = -0.13 | KS p = 0.640 | NOC = 17,52.630921619293716,DOT Travel Barriers Score (percentile)
DOT Travel Barriers Score (percentile),NW,,,6,2,8,48.99309119621003,46.409102753409186,2.5839884428008446,0.8571428571428572,1,0,ΔMed = 2.58 | Cliff's d = 0 | KS p = 0.857 | NOC = 8,59.241379310344826,DOT Travel Barriers Score (percentile)
SOVI,NE,,,14,1,15,-1.1376973012202383,-1.2170716993942752,0.07937439817403691,0.7999999999999999,0.7999999999999999,0.2857142857142857,ΔMed = 0.08 | Cliff's d = 0.29 | KS p = 0.80 | NOC = 15,0.3779757305792303,Proximity to hazardous waste sites (percentile)
SOVI,MDA,,,28,7,35,-1.2832170312059727,-1.0129661040896087,-0.270250927116364,0.705030396221589,1,1.3877787807814457e-17,ΔMed = -0.27 | Cliff's d = 0 | KS p = 0.71 | NOC = 35,0.7483895887247363,Proximity to hazardous waste sites (percentile)
SOVI,SE,,,27,6,33,-0.48002371634964586,-1.379600228988732,0.899576512639086,0.15559676697051558,0.2602657353769701,0.30864197530864196,ΔMed = 0.9 | Cliff's d = 0.31 | KS p = 0.16 | NOC = 33,0.5518434599128351,Proximity to hazardous waste sites (percentile)
SOVI,GLF,,,33,5,38,-0.27213838779859656,-0.5367197150453865,0.26458132724678995,0.8684628901347168,0.7061373624841119,0.11515151515151514,ΔMed = 0.26 | Cliff's d = 0.12 | KS p = 0.87 | NOC = 38,1.4060631735953286,Proximity to hazardous waste sites (percentile)
SOVI,SW,,,15,2,17,-1.2246311658870408,-1.602604490525312,0.37797332463827127,0.8161764705882355,0.9411764705882353,0.06666666666666667,ΔMed = 0.38 | Cliff's d = 0.07 | KS p = 0.82 | NOC = 17,0.2192269342311563,Proximity to hazardous waste sites (percentile)
SOVI,NW,,,6,2,8,-0.9449309056547197,-1.2926663643219294,0.3477354586672097,0.8571428571428572,0.6428571428571428,0.3333333333333333,ΔMed = 0.35 | Cliff's d = 0.33 | KS p = 0.86 | NOC = 8,0.2948215991588106,Proximity to hazardous waste sites (percentile)
SVI,NE,,,14,1,15,0.33881888938447813,0.3067533333333333,0.032065556051144806,0.6666666666666667,0.6666666666666666,0.42857142857142855,ΔMed = 0.03 | Cliff's d = 0.43 | KS p = 0.67 | NOC = 15,0.5678503448275862,Proximity to hazardous waste sites (percentile)
SVI,MDA,,,28,7,35,0.43657174388111886,0.41893874999999997,0.017632993881118886,0.9883820703931284,0.8245290370167685,0.06122448979591837,ΔMed = 0.02 | Cliff's d = 0.06 | KS p = 0.99 | NOC = 35,0.7367710526315789,Proximity to hazardous waste sites (percentile)
SVI,SE,,,27,6,33,0.45196,0.3914229813664596,0.060537018633540385,0.42405342155064074,0.6003766811608858,0.14814814814814814,ΔMed = 0.06 | Cliff's d = 0.15 | KS p = 0.42 | NOC = 33,0.6890599713055954,Proximity to hazardous waste sites (percentile)
SVI,GLF,,,33,5,38,0.535070695970696,0.5043833333333333,0.030687362637362714,0.6178841380079771,0.5566101262695691,-0.17575757575757575,ΔMed = 0.03 | Cliff's d = -0.18 | KS p = 0.62 | NOC = 38,0.7811333333333333,Proximity to hazardous waste sites (percentile)
SVI,SW,,,15,2,17,0.5214617021276596,0.5366399008776312,-0.015178198749971616,0.8161764705882355,1,0,ΔMed = -0.02 | Cliff's d = 0 | KS p = 0.82 | NOC = 17,0.6660314285714286,Proximity to hazardous waste sites (percentile)
SVI,NW,,,6,2,8,0.47541374976012285,0.4578070553964649,0.01760669436365797,1,0.8571428571428572,0.16666666666666666,ΔMed = 0.02 | Cliff's d = 0.17 | KS p = 1.00 | NOC = 8,0.60975,Proximity to hazardous waste sites (percentile)
Proximity to hazardous waste sites (percentile),NE,,,14,1,15,66.22550034506557,39.84,26.385500345065566,0.5333333333333333,0.5333333333333333,0.5714285714285714,ΔMed = 26.39 | Cliff's d = 0.57 | KS p = 0.53 | NOC = 15,90.75,Proximity to hazardous waste sites (percentile)
Proximity to hazardous waste sites (percentile),MDA,,,28,7,35,56.72394220846233,45.91139240506329,10.812549803399044,0.5556032252116138,0.383543806844206,0.22448979591836735,ΔMed = 10.81 | Cliff's d = 0.22 | KS p = 0.56 | NOC = 35,94.58659217877096,Proximity to hazardous waste sites (percentile)
Proximity to hazardous waste sites (percentile),SE,,,27,6,33,31.035911602209946,39.256875,-8.220963397790054,0.7081082154775146,0.8025006139577886,-0.07407407407407407,ΔMed = -8.22 | Cliff's d = -0.07 | KS p = 0.71 | NOC = 33,71.46969696969697,Proximity to hazardous waste sites (percentile)
Proximity to hazardous waste sites (percentile),GLF,,,33,5,38,31.53731343283582,32.029411764705884,-0.49209833187006424,0.8007737945818441,1,0.006060606060606062,ΔMed = -0.49 | Cliff's d = 0.01 | KS p = 0.80 | NOC = 38,74.90551181102362,Proximity to hazardous waste sites (percentile)
Proximity to hazardous waste sites (percentile),SW,,,15,2,17,61.69642857142857,82.12281314944266,-20.426384578014094,0.2205882352941177,0.1323529411764706,-0.7333333333333333,ΔMed = -20.43 | Cliff's d = -0.73 | KS p = 0.22 | NOC = 17,88.12537313432836,Proximity to hazardous waste sites (percentile)
Proximity to hazardous waste sites (percentile),NW,,,6,2,8,44.666497633536174,52.86013400335008,-8.193636369813909,0.8571428571428572,0.8571428571428571,-0.16666666666666666,ΔMed = -8.19 | Cliff's d = -0.17 | KS p = 0.86 | NOC = 8,68.88693467336684,Proximity to hazardous waste sites (percentile)
SOVI,NE,,,14,1,15,-1.1376973012202383,-1.2170716993942752,0.07937439817403691,0.7999999999999999,0.7999999999999999,0.2857142857142857,ΔMed = 0.08 | Cliff's d = 0.29 | KS p = 0.800 | NOC = 15,0.3779757305792303,Proximity to NPL (Superfund) sites (percentile)
SOVI,MDA,,,28,7,35,-1.2832170312059727,-1.0129661040896087,-0.270250927116364,0.705030396221589,1,1.3877787807814457e-17,ΔMed = -0.27 | Cliff's d = 0 | KS p = 0.705 | NOC = 35,0.7483895887247363,Proximity to NPL (Superfund) sites (percentile)
SOVI,SE,,,27,6,33,-0.48002371634964586,-1.379600228988732,0.899576512639086,0.15559676697051558,0.2602657353769701,0.30864197530864196,ΔMed = 0.9 | Cliff's d = 0.31 | KS p = 0.156 | NOC = 33,0.5518434599128351,Proximity to NPL (Superfund) sites (percentile)
SOVI,GLF,,,33,5,38,-0.27213838779859656,-0.5367197150453865,0.26458132724678995,0.8684628901347168,0.7061373624841119,0.11515151515151514,ΔMed = 0.26 | Cliff's d = 0.12 | KS p = 0.868 | NOC = 38,1.4060631735953286,Proximity to NPL (Superfund) sites (percentile)
SOVI,SW,,,15,2,17,-1.2246311658870408,-1.602604490525312,0.37797332463827127,0.8161764705882355,0.9411764705882353,0.06666666666666667,ΔMed = 0.38 | Cliff's d = 0.07 | KS p = 0.816 | NOC = 17,0.2192269342311563,Proximity to NPL (Superfund) sites (percentile)
SOVI,NW,,,6,2,8,-0.9449309056547197,-1.2926663643219294,0.3477354586672097,0.8571428571428572,0.6428571428571428,0.3333333333333333,ΔMed = 0.35 | Cliff's d = 0.33 | KS p = 0.857 | NOC = 8,0.2948215991588106,Proximity to NPL (Superfund) sites (percentile)
SVI,NE,,,14,1,15,0.33881888938447813,0.3067533333333333,0.032065556051144806,0.6666666666666667,0.6666666666666666,0.42857142857142855,ΔMed = 0.03 | Cliff's d = 0.43 | KS p = 0.667 | NOC = 15,0.5678503448275862,Proximity to NPL (Superfund) sites (percentile)
SVI,MDA,,,28,7,35,0.43657174388111886,0.41893874999999997,0.017632993881118886,0.9883820703931284,0.8245290370167685,0.06122448979591837,ΔMed = 0.02 | Cliff's d = 0.06 | KS p = 0.988 | NOC = 35,0.7367710526315789,Proximity to NPL (Superfund) sites (percentile)
SVI,SE,,,27,6,33,0.45196,0.3914229813664596,0.060537018633540385,0.42405342155064074,0.6003766811608858,0.14814814814814814,ΔMed = 0.06 | Cliff's d = 0.15 | KS p = 0.424 | NOC = 33,0.6890599713055954,Proximity to NPL (Superfund) sites (percentile)
SVI,GLF,,,33,5,38,0.535070695970696,0.5043833333333333,0.030687362637362714,0.6178841380079771,0.5566101262695691,-0.17575757575757575,ΔMed = 0.03 | Cliff's d = -0.18 | KS p = 0.618 | NOC = 38,0.7811333333333333,Proximity to NPL (Superfund) sites (percentile)
SVI,SW,,,15,2,17,0.5214617021276596,0.5366399008776312,-0.015178198749971616,0.8161764705882355,1,0,ΔMed = -0.02 | Cliff's d = 0 | KS p = 0.816 | NOC = 17,0.6660314285714286,Proximity to NPL (Superfund) sites (percentile)
SVI,NW,,,6,2,8,0.47541374976012285,0.4578070553964649,0.01760669436365797,1,0.8571428571428572,0.16666666666666666,ΔMed = 0.02 | Cliff's d = 0.17 | KS p = 1.000 | NOC = 8,0.60975,Proximity to NPL (Superfund) sites (percentile)
Proximity to NPL (Superfund) sites (percentile),NE,,,14,1,15,68.88205128205128,78.8,-9.917948717948718,0.13333333333333336,0.13333333333333333,-1,ΔMed = -9.92 | Cliff's d = -1 | KS p = 0.133 | NOC = 15,78.8,Proximity to NPL (Superfund) sites (percentile)
Proximity to NPL (Superfund) sites (percentile),MDA,,,28,7,35,71.60365362948656,60.87012987012987,10.733523759356686,0.09792029765693312,0.07232486482306544,0.4489795918367347,ΔMed = 10.73 | Cliff's d = 0.45 | KS p = 0.098 | NOC = 35,89.65142857142857,Proximity to NPL (Superfund) sites (percentile)
Proximity to NPL (Superfund) sites (percentile),SE,,,27,6,33,47.8,55.177498727303586,-7.377498727303589,0.7081082154775146,0.5382188723401182,-0.1728395061728395,ΔMed = -7.38 | Cliff's d = -0.17 | KS p = 0.708 | NOC = 33,77.50828729281768,Proximity to NPL (Superfund) sites (percentile)
Proximity to NPL (Superfund) sites (percentile),GLF,,,33,5,38,36.88607594936709,33.205882352941174,3.680193596425916,0.697152260619753,0.737599164843747,-0.10303030303030303,ΔMed = 3.68 | Cliff's d = -0.1 | KS p = 0.697 | NOC = 38,76.45833333333333,Proximity to NPL (Superfund) sites (percentile)
Proximity to NPL (Superfund) sites (percentile),SW,,,15,2,17,57.42553191489362,63.755680008636745,-6.3301480937431265,0.411764705882353,0.36764705882352944,-0.4666666666666667,ΔMed = -6.33 | Cliff's d = -0.47 | KS p = 0.412 | NOC = 17,83.45967741935483,Proximity to NPL (Superfund) sites (percentile)
Proximity to NPL (Superfund) sites (percentile),NW,,,6,2,8,45.22224386443319,52.766750418760466,-7.544506554327278,0.8571428571428572,0.6428571428571428,-0.3333333333333333,ΔMed = -7.54 | Cliff's d = -0.33 | KS p = 0.857 | NOC = 8,76.95348837209302,Proximity to NPL (Superfund) sites (percentile)
SOVI,NE,,,14,1,15,-1.1376973012202383,-1.2170716993942752,0.07937439817403691,0.7999999999999999,0.7999999999999999,0.2857142857142857,ΔMed = 0.08 | Cliff's d = 0.29 | KS p = 0.80 | NOC = 15,0.3779757305792303,Proximity to Risk Management Plan (RMP) facilities (percentile)
SOVI,MDA,,,28,7,35,-1.2832170312059727,-1.0129661040896087,-0.270250927116364,0.705030396221589,1,1.3877787807814457e-17,ΔMed = -0.27 | Cliff's d = 0 | KS p = 0.71 | NOC = 35,0.7483895887247363,Proximity to Risk Management Plan (RMP) facilities (percentile)
SOVI,SE,,,27,6,33,-0.48002371634964586,-1.379600228988732,0.899576512639086,0.15559676697051558,0.2602657353769701,0.30864197530864196,ΔMed = 0.9 | Cliff's d = 0.31 | KS p = 0.16 | NOC = 33,0.5518434599128351,Proximity to Risk Management Plan (RMP) facilities (percentile)
SOVI,GLF,,,33,5,38,-0.27213838779859656,-0.5367197150453865,0.26458132724678995,0.8684628901347168,0.7061373624841119,0.11515151515151514,ΔMed = 0.26 | Cliff's d = 0.12 | KS p = 0.87 | NOC = 38,1.4060631735953286,Proximity to Risk Management Plan (RMP) facilities (percentile)
SOVI,SW,,,15,2,17,-1.2246311658870408,-1.602604490525312,0.37797332463827127,0.8161764705882355,0.9411764705882353,0.06666666666666667,ΔMed = 0.38 | Cliff's d = 0.07 | KS p = 0.82 | NOC = 17,0.2192269342311563,Proximity to Risk Management Plan (RMP) facilities (percentile)
SOVI,NW,,,6,2,8,-0.9449309056547197,-1.2926663643219294,0.3477354586672097,0.8571428571428572,0.6428571428571428,0.3333333333333333,ΔMed = 0.35 | Cliff's d = 0.33 | KS p = 0.86 | NOC = 8,0.2948215991588106,Proximity to Risk Management Plan (RMP) facilities (percentile)
SVI,NE,,,14,1,15,0.33881888938447813,0.3067533333333333,0.032065556051144806,0.6666666666666667,0.6666666666666666,0.42857142857142855,ΔMed = 0.03 | Cliff's d = 0.43 | KS p = 0.67 | NOC = 15,0.5678503448275862,Proximity to Risk Management Plan (RMP) facilities (percentile)
SVI,MDA,,,28,7,35,0.43657174388111886,0.41893874999999997,0.017632993881118886,0.9883820703931284,0.8245290370167685,0.06122448979591837,ΔMed = 0.02 | Cliff's d = 0.06 | KS p = 0.99 | NOC = 35,0.7367710526315789,Proximity to Risk Management Plan (RMP) facilities (percentile)
SVI,SE,,,27,6,33,0.45196,0.3914229813664596,0.060537018633540385,0.42405342155064074,0.6003766811608858,0.14814814814814814,ΔMed = 0.06 | Cliff's d = 0.15 | KS p = 0.42 | NOC = 33,0.6890599713055954,Proximity to Risk Management Plan (RMP) facilities (percentile)
SVI,GLF,,,33,5,38,0.535070695970696,0.5043833333333333,0.030687362637362714,0.6178841380079771,0.5566101262695691,-0.17575757575757575,ΔMed = 0.03 | Cliff's d = -0.18 | KS p = 0.62 | NOC = 38,0.7811333333333333,Proximity to Risk Management Plan (RMP) facilities (percentile)
SVI,SW,,,15,2,17,0.5214617021276596,0.5366399008776312,-0.015178198749971616,0.8161764705882355,1,0,ΔMed = -0.02 | Cliff's d = 0 | KS p = 0.82 | NOC = 17,0.6660314285714286,Proximity to Risk Management Plan (RMP) facilities (percentile)
SVI,NW,,,6,2,8,0.47541374976012285,0.4578070553964649,0.01760669436365797,1,0.8571428571428572,0.16666666666666666,ΔMed = 0.02 | Cliff's d = 0.17 | KS p = 1.00 | NOC = 8,0.60975,Proximity to Risk Management Plan (RMP) facilities (percentile)
Proximity to Risk Management Plan (RMP) facilities (percentile),NE,,,14,1,15,50.81085140336056,8.64,42.17085140336056,0.13333333333333336,0.13333333333333333,1,ΔMed = 42.17 | Cliff's d = 1 | KS p = 0.13 | NOC = 15,73.92198581560284,Proximity to Risk Management Plan (RMP) facilities (percentile)
Proximity to Risk Management Plan (RMP) facilities (percentile),MDA,,,28,7,35,43.42555642407537,28,15.425556424075367,0.14808640616728033,0.19865685580532141,0.32653061224489793,ΔMed = 15.43 | Cliff's d = 0.33 | KS p = 0.15 | NOC = 35,73.16,Proximity to Risk Management Plan (RMP) facilities (percentile)
Proximity to Risk Management Plan (RMP) facilities (percentile),SE,,,27,6,33,47.644444444444446,32.477033132530124,15.167411311914321,0.3159155916386171,0.2408520289499155,0.32098765432098764,ΔMed = 15.17 | Cliff's d = 0.32 | KS p = 0.32 | NOC = 33,75.5,Proximity to Risk Management Plan (RMP) facilities (percentile)
Proximity to Risk Management Plan (RMP) facilities (percentile),GLF,,,33,5,38,42.12162162162162,37.666666666666664,4.454954954954957,0.6731654254874071,0.8342756732849612,0.06666666666666665,ΔMed = 4.45 | Cliff's d = 0.07 | KS p = 0.67 | NOC = 38,88.84615384615384,Proximity to Risk Management Plan (RMP) facilities (percentile)
Proximity to Risk Management Plan (RMP) facilities (percentile),SW,,,15,2,17,45.40605095541401,57.89267766052198,-12.486626705107973,0.5294117647058825,0.29411764705882354,-0.5333333333333333,ΔMed = -12.49 | Cliff's d = -0.53 | KS p = 0.53 | NOC = 17,69.29168443496802,Proximity to Risk Management Plan (RMP) facilities (percentile)
Proximity to Risk Management Plan (RMP) facilities (percentile),NW,,,6,2,8,39.796992915447404,50.89874371859297,-11.101750803145563,0.42857142857142855,0.42857142857142855,-0.5,ΔMed = -11.1 | Cliff's d = -0.5 | KS p = 0.43 | NOC = 8,61.529411764705884,Proximity to Risk Management Plan (RMP) facilities (percentile)
SOVI,NE,,,14,1,15,-1.1376973012202383,-1.2170716993942752,0.07937439817403691,0.7999999999999999,0.7999999999999999,0.2857142857142857,ΔMed = 0.08 | Cliff's d = 0.29 | KS p = 0.800 | NOC = 15,0.3779757305792303,Wastewater discharge (percentile)
SOVI,MDA,,,28,7,35,-1.2832170312059727,-1.0129661040896087,-0.270250927116364,0.705030396221589,1,1.3877787807814457e-17,ΔMed = -0.27 | Cliff's d = 0 | KS p = 0.705 | NOC = 35,0.7483895887247363,Wastewater discharge (percentile)
SOVI,SE,,,27,6,33,-0.48002371634964586,-1.379600228988732,0.899576512639086,0.15559676697051558,0.2602657353769701,0.30864197530864196,ΔMed = 0.9 | Cliff's d = 0.31 | KS p = 0.156 | NOC = 33,0.5518434599128351,Wastewater discharge (percentile)
SOVI,GLF,,,33,5,38,-0.27213838779859656,-0.5367197150453865,0.26458132724678995,0.8684628901347168,0.7061373624841119,0.11515151515151514,ΔMed = 0.26 | Cliff's d = 0.12 | KS p = 0.868 | NOC = 38,1.4060631735953286,Wastewater discharge (percentile)
SOVI,SW,,,15,2,17,-1.2246311658870408,-1.602604490525312,0.37797332463827127,0.8161764705882355,0.9411764705882353,0.06666666666666667,ΔMed = 0.38 | Cliff's d = 0.07 | KS p = 0.816 | NOC = 17,0.2192269342311563,Wastewater discharge (percentile)
SOVI,NW,,,6,2,8,-0.9449309056547197,-1.2926663643219294,0.3477354586672097,0.8571428571428572,0.6428571428571428,0.3333333333333333,ΔMed = 0.35 | Cliff's d = 0.33 | KS p = 0.857 | NOC = 8,0.2948215991588106,Wastewater discharge (percentile)
SVI,NE,,,14,1,15,0.33881888938447813,0.3067533333333333,0.032065556051144806,0.6666666666666667,0.6666666666666666,0.42857142857142855,ΔMed = 0.03 | Cliff's d = 0.43 | KS p = 0.667 | NOC = 15,0.5678503448275862,Wastewater discharge (percentile)
SVI,MDA,,,28,7,35,0.43657174388111886,0.41893874999999997,0.017632993881118886,0.9883820703931284,0.8245290370167685,0.06122448979591837,ΔMed = 0.02 | Cliff's d = 0.06 | KS p = 0.988 | NOC = 35,0.7367710526315789,Wastewater discharge (percentile)
SVI,SE,,,27,6,33,0.45196,0.3914229813664596,0.060537018633540385,0.42405342155064074,0.6003766811608858,0.14814814814814814,ΔMed = 0.06 | Cliff's d = 0.15 | KS p = 0.424 | NOC = 33,0.6890599713055954,Wastewater discharge (percentile)
SVI,GLF,,,33,5,38,0.535070695970696,0.5043833333333333,0.030687362637362714,0.6178841380079771,0.5566101262695691,-0.17575757575757575,ΔMed = 0.03 | Cliff's d = -0.18 | KS p = 0.618 | NOC = 38,0.7811333333333333,Wastewater discharge (percentile)
SVI,SW,,,15,2,17,0.5214617021276596,0.5366399008776312,-0.015178198749971616,0.8161764705882355,1,0,ΔMed = -0.02 | Cliff's d = 0 | KS p = 0.816 | NOC = 17,0.6660314285714286,Wastewater discharge (percentile)
SVI,NW,,,6,2,8,0.47541374976012285,0.4578070553964649,0.01760669436365797,1,0.8571428571428572,0.16666666666666666,ΔMed = 0.02 | Cliff's d = 0.17 | KS p = 1.000 | NOC = 8,0.60975,Wastewater discharge (percentile)
Wastewater discharge (percentile),NE,,,14,1,15,44.490876074054384,35.375,9.115876074054384,0.5333333333333333,0.5333333333333333,0.5714285714285714,ΔMed = 9.12 | Cliff's d = 0.57 | KS p = 0.533 | NOC = 15,66.13970588235294,Wastewater discharge (percentile)
Wastewater discharge (percentile),MDA,,,28,7,35,42.111434108527135,34.76470588235294,7.346728226174193,0.5556032252116138,0.34032585225413864,0.24489795918367346,ΔMed = 7.35 | Cliff's d = 0.24 | KS p = 0.556 | NOC = 35,73.71428571428571,Wastewater discharge (percentile)
Wastewater discharge (percentile),SE,,,25,6,31,32.8,25.26131322094055,7.5386867790594465,0.3752724842824954,0.31409747093840534,0.27999999999999997,ΔMed = 7.54 | Cliff's d = 0.28 | KS p = 0.375 | NOC = 31,69.4090909090909,Wastewater discharge (percentile)
Wastewater discharge (percentile),GLF,,,31,5,36,48.26315789473684,33.42857142857143,14.834586466165412,0.47992530345471507,0.3027968763262881,0.3032258064516129,ΔMed = 14.83 | Cliff's d = 0.3 | KS p = 0.480 | NOC = 36,91.6,Wastewater discharge (percentile)
Wastewater discharge (percentile),SW,,,15,2,17,50.25,77.0856806827239,-26.835680682723904,0.08823529411764708,0.08823529411764705,-0.8,ΔMed = -26.84 | Cliff's d = -0.8 | KS p = 0.088 | NOC = 17,92.0377358490566,Wastewater discharge (percentile)
Wastewater discharge (percentile),NW,,,6,2,8,19.070707070707073,33.73739237392374,-14.666685303216667,0.8571428571428572,0.42857142857142855,-0.5,ΔMed = -14.67 | Cliff's d = -0.5 | KS p = 0.857 | NOC = 8,42.666666666666664,Wastewater discharge (percentile)
SOVI,NE,,,14,1,15,-1.1376973012202383,-1.2170716993942752,0.07937439817403691,0.7999999999999999,0.7999999999999999,0.2857142857142857,ΔMed = 0.08 | Cliff's d = 0.29 | KS p = 0.80 | NOC = 15,0.3779757305792303,Leaky underground storage tanks (percentile)
SOVI,MDA,,,28,7,35,-1.2832170312059727,-1.0129661040896087,-0.270250927116364,0.705030396221589,1,1.3877787807814457e-17,ΔMed = -0.27 | Cliff's d = 0 | KS p = 0.71 | NOC = 35,0.7483895887247363,Leaky underground storage tanks (percentile)
SOVI,SE,,,27,6,33,-0.48002371634964586,-1.379600228988732,0.899576512639086,0.15559676697051558,0.2602657353769701,0.30864197530864196,ΔMed = 0.9 | Cliff's d = 0.31 | KS p = 0.16 | NOC = 33,0.5518434599128351,Leaky underground storage tanks (percentile)
SOVI,GLF,,,33,5,38,-0.27213838779859656,-0.5367197150453865,0.26458132724678995,0.8684628901347168,0.7061373624841119,0.11515151515151514,ΔMed = 0.26 | Cliff's d = 0.12 | KS p = 0.87 | NOC = 38,1.4060631735953286,Leaky underground storage tanks (percentile)
SOVI,SW,,,15,2,17,-1.2246311658870408,-1.602604490525312,0.37797332463827127,0.8161764705882355,0.9411764705882353,0.06666666666666667,ΔMed = 0.38 | Cliff's d = 0.07 | KS p = 0.82 | NOC = 17,0.2192269342311563,Leaky underground storage tanks (percentile)
SOVI,NW,,,6,2,8,-0.9449309056547197,-1.2926663643219294,0.3477354586672097,0.8571428571428572,0.6428571428571428,0.3333333333333333,ΔMed = 0.35 | Cliff's d = 0.33 | KS p = 0.86 | NOC = 8,0.2948215991588106,Leaky underground storage tanks (percentile)
SVI,NE,,,14,1,15,0.33881888938447813,0.3067533333333333,0.032065556051144806,0.6666666666666667,0.6666666666666666,0.42857142857142855,ΔMed = 0.03 | Cliff's d = 0.43 | KS p = 0.67 | NOC = 15,0.5678503448275862,Leaky underground storage tanks (percentile)
SVI,MDA,,,28,7,35,0.43657174388111886,0.41893874999999997,0.017632993881118886,0.9883820703931284,0.8245290370167685,0.06122448979591837,ΔMed = 0.02 | Cliff's d = 0.06 | KS p = 0.99 | NOC = 35,0.7367710526315789,Leaky underground storage tanks (percentile)
SVI,SE,,,27,6,33,0.45196,0.3914229813664596,0.060537018633540385,0.42405342155064074,0.6003766811608858,0.14814814814814814,ΔMed = 0.06 | Cliff's d = 0.15 | KS p = 0.42 | NOC = 33,0.6890599713055954,Leaky underground storage tanks (percentile)
SVI,GLF,,,33,5,38,0.535070695970696,0.5043833333333333,0.030687362637362714,0.6178841380079771,0.5566101262695691,-0.17575757575757575,ΔMed = 0.03 | Cliff's d = -0.18 | KS p = 0.62 | NOC = 38,0.7811333333333333,Leaky underground storage tanks (percentile)
SVI,SW,,,15,2,17,0.5214617021276596,0.5366399008776312,-0.015178198749971616,0.8161764705882355,1,0,ΔMed = -0.02 | Cliff's d = 0 | KS p = 0.82 | NOC = 17,0.6660314285714286,Leaky underground storage tanks (percentile)
SVI,NW,,,6,2,8,0.47541374976012285,0.4578070553964649,0.01760669436365797,1,0.8571428571428572,0.16666666666666666,ΔMed = 0.02 | Cliff's d = 0.17 | KS p = 1.00 | NOC = 8,0.60975,Leaky underground storage tanks (percentile)
Leaky underground storage tanks (percentile),NE,,,14,1,15,52.56782661782662,48.96,3.6078266178266176,0.9333333333333333,0.9333333333333333,0.14285714285714285,ΔMed = 3.61 | Cliff's d = 0.14 | KS p = 0.93 | NOC = 15,68.91489361702128,Leaky underground storage tanks (percentile)
Leaky underground storage tanks (percentile),MDA,,,28,7,35,45.03462192013594,41.962025316455694,3.072596603680246,0.705030396221589,0.3002221719914582,0.2653061224489796,ΔMed = 3.07 | Cliff's d = 0.27 | KS p = 0.71 | NOC = 35,89.75925925925925,Leaky underground storage tanks (percentile)
Leaky underground storage tanks (percentile),SE,,,27,6,33,47.073170731707314,50.176874999999995,-3.103704268292681,0.8404116045245078,0.7675122430406079,-0.08641975308641975,ΔMed = -3.1 | Cliff's d = -0.09 | KS p = 0.84 | NOC = 33,77.02119460500964,Leaky underground storage tanks (percentile)
Leaky underground storage tanks (percentile),GLF,,,33,5,38,46.26086956521739,36.51162790697674,9.74924165824065,0.7525610528706504,0.5566101262695691,0.17575757575757575,ΔMed = 9.75 | Cliff's d = 0.18 | KS p = 0.75 | NOC = 38,77.2520325203252,Leaky underground storage tanks (percentile)
Leaky underground storage tanks (percentile),SW,,,15,2,17,48.191489361702125,58.94700547893444,-10.755516117232318,0.14705882352941177,0.1323529411764706,-0.7333333333333333,ΔMed = -10.76 | Cliff's d = -0.73 | KS p = 0.15 | NOC = 17,68.91412742382272,Leaky underground storage tanks (percentile)
Leaky underground storage tanks (percentile),NW,,,6,2,8,50.73529411764706,58.562395309882746,-7.827101192235688,0.8571428571428572,0.8571428571428571,-0.16666666666666666,ΔMed = -7.83 | Cliff's d = -0.17 | KS p = 0.86 | NOC = 8,69.29145728643216,Leaky underground storage tanks (percentile)
SOVI,NE,,,14,1,15,-1.1376973012202383,-1.2170716993942752,0.07937439817403691,0.7999999999999999,0.7999999999999999,0.2857142857142857,ΔMed = 0.08 | Cliff's d = 0.29 | KS p = 0.80 | NOC = 15,0.3779757305792303,Low life expectancy (percentile)
SOVI,MDA,,,28,7,35,-1.2832170312059727,-1.0129661040896087,-0.270250927116364,0.705030396221589,1,1.3877787807814457e-17,ΔMed = -0.27 | Cliff's d = 0 | KS p = 0.71 | NOC = 35,0.7483895887247363,Low life expectancy (percentile)
SOVI,SE,,,27,6,33,-0.48002371634964586,-1.379600228988732,0.899576512639086,0.15559676697051558,0.2602657353769701,0.30864197530864196,ΔMed = 0.9 | Cliff's d = 0.31 | KS p = 0.16 | NOC = 33,0.5518434599128351,Low life expectancy (percentile)
SOVI,GLF,,,33,5,38,-0.27213838779859656,-0.5367197150453865,0.26458132724678995,0.8684628901347168,0.7061373624841119,0.11515151515151514,ΔMed = 0.26 | Cliff's d = 0.12 | KS p = 0.87 | NOC = 38,1.4060631735953286,Low life expectancy (percentile)
SOVI,SW,,,15,2,17,-1.2246311658870408,-1.602604490525312,0.37797332463827127,0.8161764705882355,0.9411764705882353,0.06666666666666667,ΔMed = 0.38 | Cliff's d = 0.07 | KS p = 0.82 | NOC = 17,0.2192269342311563,Low life expectancy (percentile)
SOVI,NW,,,6,2,8,-0.9449309056547197,-1.2926663643219294,0.3477354586672097,0.8571428571428572,0.6428571428571428,0.3333333333333333,ΔMed = 0.35 | Cliff's d = 0.33 | KS p = 0.86 | NOC = 8,0.2948215991588106,Low life expectancy (percentile)
SVI,NE,,,14,1,15,0.33881888938447813,0.3067533333333333,0.032065556051144806,0.6666666666666667,0.6666666666666666,0.42857142857142855,ΔMed = 0.03 | Cliff's d = 0.43 | KS p = 0.67 | NOC = 15,0.5678503448275862,Low life expectancy (percentile)
SVI,MDA,,,28,7,35,0.43657174388111886,0.41893874999999997,0.017632993881118886,0.9883820703931284,0.8245290370167685,0.06122448979591837,ΔMed = 0.02 | Cliff's d = 0.06 | KS p = 0.99 | NOC = 35,0.7367710526315789,Low life expectancy (percentile)
SVI,SE,,,27,6,33,0.45196,0.3914229813664596,0.060537018633540385,0.42405342155064074,0.6003766811608858,0.14814814814814814,ΔMed = 0.06 | Cliff's d = 0.15 | KS p = 0.42 | NOC = 33,0.6890599713055954,Low life expectancy (percentile)
SVI,GLF,,,33,5,38,0.535070695970696,0.5043833333333333,0.030687362637362714,0.6178841380079771,0.5566101262695691,-0.17575757575757575,ΔMed = 0.03 | Cliff's d = -0.18 | KS p = 0.62 | NOC = 38,0.7811333333333333,Low life expectancy (percentile)
SVI,SW,,,15,2,17,0.5214617021276596,0.5366399008776312,-0.015178198749971616,0.8161764705882355,1,0,ΔMed = -0.02 | Cliff's d = 0 | KS p = 0.82 | NOC = 17,0.6660314285714286,Low life expectancy (percentile)
SVI,NW,,,6,2,8,0.47541374976012285,0.4578070553964649,0.01760669436365797,1,0.8571428571428572,0.16666666666666666,ΔMed = 0.02 | Cliff's d = 0.17 | KS p = 1.00 | NOC = 8,0.60975,Low life expectancy (percentile)
Low life expectancy (percentile),NE,,,14,1,15,36.64633431085044,40.86363636363637,-4.217302052785925,0.7999999999999999,0.7999999999999999,-0.2857142857142857,ΔMed = -4.22 | Cliff's d = -0.29 | KS p = 0.80 | NOC = 15,58.91428571428571,Low life expectancy (percentile)
Low life expectancy (percentile),MDA,,,28,7,35,45.71396806145138,43.6,2.1139680614513807,0.705030396221589,0.6717749370958819,0.11224489795918367,ΔMed = 2.11 | Cliff's d = 0.11 | KS p = 0.71 | NOC = 35,72.11111111111111,Low life expectancy (percentile)
Low life expectancy (percentile),SE,,,27,6,33,53.52173913043478,48.5728813559322,4.948857774502578,0.3159155916386171,0.5083462144085059,0.18518518518518517,ΔMed = 4.95 | Cliff's d = 0.19 | KS p = 0.32 | NOC = 33,69.5,Low life expectancy (percentile)
Low life expectancy (percentile),GLF,,,33,5,38,58.95454545454545,56.078947368421055,2.8755980861243984,0.950018129584693,0.9333349271429767,-0.0303030303030303,ΔMed = 2.88 | Cliff's d = -0.03 | KS p = 0.95 | NOC = 38,78.4,Low life expectancy (percentile)
Low life expectancy (percentile),SW,,,15,2,17,30.73076923076923,24.883401270830834,5.847367959938396,0.8161764705882355,0.8235294117647058,0.13333333333333333,ΔMed = 5.85 | Cliff's d = 0.13 | KS p = 0.82 | NOC = 17,51.41379310344828,Low life expectancy (percentile)
Low life expectancy (percentile),NW,,,6,2,8,43.44074041962892,33.289021164021165,10.151719255607759,0.42857142857142855,0.2857142857142857,0.6666666666666666,ΔMed = 10.15 | Cliff's d = 0.67 | KS p = 0.43 | NOC = 8,61.625,Low life expectancy (percentile)
SOVI,NE,,,14,1,15,-1.1376973012202383,-1.2170716993942752,0.07937439817403691,0.7999999999999999,0.7999999999999999,0.2857142857142857,ΔMed = 0.08 | Cliff's d = 0.29 | KS p = 0.800 | NOC = 15,0.3779757305792303,Linguistic isolation (percent) (percentile)
SOVI,MDA,,,28,7,35,-1.2832170312059727,-1.0129661040896087,-0.270250927116364,0.705030396221589,1,1.3877787807814457e-17,ΔMed = -0.27 | Cliff's d = 0 | KS p = 0.705 | NOC = 35,0.7483895887247363,Linguistic isolation (percent) (percentile)
SOVI,SE,,,27,6,33,-0.48002371634964586,-1.379600228988732,0.899576512639086,0.15559676697051558,0.2602657353769701,0.30864197530864196,ΔMed = 0.9 | Cliff's d = 0.31 | KS p = 0.156 | NOC = 33,0.5518434599128351,Linguistic isolation (percent) (percentile)
SOVI,GLF,,,33,5,38,-0.27213838779859656,-0.5367197150453865,0.26458132724678995,0.8684628901347168,0.7061373624841119,0.11515151515151514,ΔMed = 0.26 | Cliff's d = 0.12 | KS p = 0.868 | NOC = 38,1.4060631735953286,Linguistic isolation (percent) (percentile)
SOVI,SW,,,15,2,17,-1.2246311658870408,-1.602604490525312,0.37797332463827127,0.8161764705882355,0.9411764705882353,0.06666666666666667,ΔMed = 0.38 | Cliff's d = 0.07 | KS p = 0.816 | NOC = 17,0.2192269342311563,Linguistic isolation (percent) (percentile)
SOVI,NW,,,6,2,8,-0.9449309056547197,-1.2926663643219294,0.3477354586672097,0.8571428571428572,0.6428571428571428,0.3333333333333333,ΔMed = 0.35 | Cliff's d = 0.33 | KS p = 0.857 | NOC = 8,0.2948215991588106,Linguistic isolation (percent) (percentile)
SVI,NE,,,14,1,15,0.33881888938447813,0.3067533333333333,0.032065556051144806,0.6666666666666667,0.6666666666666666,0.42857142857142855,ΔMed = 0.03 | Cliff's d = 0.43 | KS p = 0.667 | NOC = 15,0.5678503448275862,Linguistic isolation (percent) (percentile)
SVI,MDA,,,28,7,35,0.43657174388111886,0.41893874999999997,0.017632993881118886,0.9883820703931284,0.8245290370167685,0.06122448979591837,ΔMed = 0.02 | Cliff's d = 0.06 | KS p = 0.988 | NOC = 35,0.7367710526315789,Linguistic isolation (percent) (percentile)
SVI,SE,,,27,6,33,0.45196,0.3914229813664596,0.060537018633540385,0.42405342155064074,0.6003766811608858,0.14814814814814814,ΔMed = 0.06 | Cliff's d = 0.15 | KS p = 0.424 | NOC = 33,0.6890599713055954,Linguistic isolation (percent) (percentile)
SVI,GLF,,,33,5,38,0.535070695970696,0.5043833333333333,0.030687362637362714,0.6178841380079771,0.5566101262695691,-0.17575757575757575,ΔMed = 0.03 | Cliff's d = -0.18 | KS p = 0.618 | NOC = 38,0.7811333333333333,Linguistic isolation (percent) (percentile)
SVI,SW,,,15,2,17,0.5214617021276596,0.5366399008776312,-0.015178198749971616,0.8161764705882355,1,0,ΔMed = -0.02 | Cliff's d = 0 | KS p = 0.816 | NOC = 17,0.6660314285714286,Linguistic isolation (percent) (percentile)
SVI,NW,,,6,2,8,0.47541374976012285,0.4578070553964649,0.01760669436365797,1,0.8571428571428572,0.16666666666666666,ΔMed = 0.02 | Cliff's d = 0.17 | KS p = 1.000 | NOC = 8,0.60975,Linguistic isolation (percent) (percentile)
Linguistic isolation (percent) (percentile),NE,,,14,1,15,41.10545454545455,35.56,5.545454545454547,0.7999999999999999,0.7999999999999999,0.2857142857142857,ΔMed = 5.55 | Cliff's d = 0.29 | KS p = 0.800 | NOC = 15,79.11794871794872,Linguistic isolation (percent) (percentile)
Linguistic isolation (percent) (percentile),MDA,,,28,7,35,48.25825276543855,42.951219512195124,5.307033253243425,0.5556032252116138,0.5046665040776145,0.17346938775510204,ΔMed = 5.31 | Cliff's d = 0.17 | KS p = 0.556 | NOC = 35,77.66,Linguistic isolation (percent) (percentile)
Linguistic isolation (percent) (percentile),SE,,,27,6,33,37.666666666666664,45.10787735261124,-7.441210685944576,0.04154688470595034,0.204996894095893,-0.345679012345679,ΔMed = -7.44 | Cliff's d = -0.35 | KS p = 0.042 | NOC = 33,91.00788954635108,Linguistic isolation (percent) (percentile)
Linguistic isolation (percent) (percentile),GLF,,,33,5,38,47.765957446808514,38.04761904761905,9.718338399189463,0.16920680078574815,0.201871929426109,0.3696969696969697,ΔMed = 9.72 | Cliff's d = 0.37 | KS p = 0.169 | NOC = 38,75.94260204081633,Linguistic isolation (percent) (percentile)
Linguistic isolation (percent) (percentile),SW,,,15,2,17,65.94051446945338,76.96498141634035,-11.024466946886974,0.14705882352941177,0.08823529411764705,-0.8,ΔMed = -11.02 | Cliff's d = -0.8 | KS p = 0.147 | NOC = 17,81.14150129421915,Linguistic isolation (percent) (percentile)
Linguistic isolation (percent) (percentile),NW,,,6,2,8,44.474489795918366,55.12649034424852,-10.652000548330157,0.8571428571428572,0.42857142857142855,-0.5,ΔMed = -10.65 | Cliff's d = -0.5 | KS p = 0.857 | NOC = 8,64.61964735516372,Linguistic isolation (percent) (percentile)
SOVI,NE,,,14,1,15,-1.1376973012202383,-1.2170716993942752,0.07937439817403691,0.7999999999999999,0.7999999999999999,0.2857142857142857,ΔMed = 0.08 | Cliff's d = 0.29 | KS p = 0.80 | NOC = 15,0.3779757305792303,Unemployment (percent) (percentile)
SOVI,MDA,,,28,7,35,-1.2832170312059727,-1.0129661040896087,-0.270250927116364,0.705030396221589,1,1.3877787807814457e-17,ΔMed = -0.27 | Cliff's d = 0 | KS p = 0.71 | NOC = 35,0.7483895887247363,Unemployment (percent) (percentile)
SOVI,SE,,,27,6,33,-0.48002371634964586,-1.379600228988732,0.899576512639086,0.15559676697051558,0.2602657353769701,0.30864197530864196,ΔMed = 0.9 | Cliff's d = 0.31 | KS p = 0.16 | NOC = 33,0.5518434599128351,Unemployment (percent) (percentile)
SOVI,GLF,,,33,5,38,-0.27213838779859656,-0.5367197150453865,0.26458132724678995,0.8684628901347168,0.7061373624841119,0.11515151515151514,ΔMed = 0.26 | Cliff's d = 0.12 | KS p = 0.87 | NOC = 38,1.4060631735953286,Unemployment (percent) (percentile)
SOVI,SW,,,15,2,17,-1.2246311658870408,-1.602604490525312,0.37797332463827127,0.8161764705882355,0.9411764705882353,0.06666666666666667,ΔMed = 0.38 | Cliff's d = 0.07 | KS p = 0.82 | NOC = 17,0.2192269342311563,Unemployment (percent) (percentile)
SOVI,NW,,,6,2,8,-0.9449309056547197,-1.2926663643219294,0.3477354586672097,0.8571428571428572,0.6428571428571428,0.3333333333333333,ΔMed = 0.35 | Cliff's d = 0.33 | KS p = 0.86 | NOC = 8,0.2948215991588106,Unemployment (percent) (percentile)
SVI,NE,,,14,1,15,0.33881888938447813,0.3067533333333333,0.032065556051144806,0.6666666666666667,0.6666666666666666,0.42857142857142855,ΔMed = 0.03 | Cliff's d = 0.43 | KS p = 0.67 | NOC = 15,0.5678503448275862,Unemployment (percent) (percentile)
SVI,MDA,,,28,7,35,0.43657174388111886,0.41893874999999997,0.017632993881118886,0.9883820703931284,0.8245290370167685,0.06122448979591837,ΔMed = 0.02 | Cliff's d = 0.06 | KS p = 0.99 | NOC = 35,0.7367710526315789,Unemployment (percent) (percentile)
SVI,SE,,,27,6,33,0.45196,0.3914229813664596,0.060537018633540385,0.42405342155064074,0.6003766811608858,0.14814814814814814,ΔMed = 0.06 | Cliff's d = 0.15 | KS p = 0.42 | NOC = 33,0.6890599713055954,Unemployment (percent) (percentile)
SVI,GLF,,,33,5,38,0.535070695970696,0.5043833333333333,0.030687362637362714,0.6178841380079771,0.5566101262695691,-0.17575757575757575,ΔMed = 0.03 | Cliff's d = -0.18 | KS p = 0.62 | NOC = 38,0.7811333333333333,Unemployment (percent) (percentile)
SVI,SW,,,15,2,17,0.5214617021276596,0.5366399008776312,-0.015178198749971616,0.8161764705882355,1,0,ΔMed = -0.02 | Cliff's d = 0 | KS p = 0.82 | NOC = 17,0.6660314285714286,Unemployment (percent) (percentile)
SVI,NW,,,6,2,8,0.47541374976012285,0.4578070553964649,0.01760669436365797,1,0.8571428571428572,0.16666666666666666,ΔMed = 0.02 | Cliff's d = 0.17 | KS p = 1.00 | NOC = 8,0.60975,Unemployment (percent) (percentile)
Unemployment (percent) (percentile),NE,,,14,1,15,44.01851851851852,34.04,9.97851851851852,0.4,0.4,0.7142857142857143,ΔMed = 9.98 | Cliff's d = 0.71 | KS p = 0.40 | NOC = 15,55.288,Unemployment (percent) (percentile)
Unemployment (percent) (percentile),MDA,,,28,7,35,50.27037593984962,46.02564102564103,4.244734914208593,0.42525637517622067,0.2813455830304617,0.2755102040816327,ΔMed = 4.24 | Cliff's d = 0.28 | KS p = 0.43 | NOC = 35,69.89473684210526,Unemployment (percent) (percentile)
Unemployment (percent) (percentile),SE,,,27,6,33,49.54545454545455,44.19835959421541,5.347094951239136,0.26600262918394174,0.4792951764586916,0.19753086419753085,ΔMed = 5.35 | Cliff's d = 0.2 | KS p = 0.27 | NOC = 33,75.5,Unemployment (percent) (percentile)
Unemployment (percent) (percentile),GLF,,,33,5,38,51.55263157894737,50.57142857142857,0.9812030075188005,0.4767841702826223,0.27072450601862363,0.3212121212121212,ΔMed = 0.98 | Cliff's d = 0.32 | KS p = 0.48 | NOC = 38,75.8,Unemployment (percent) (percentile)
Unemployment (percent) (percentile),SW,,,15,2,17,44.72826086956522,44.65914062241076,0.06912024715445853,0.6397058823529412,0.8235294117647058,0.13333333333333333,ΔMed = 0.07 | Cliff's d = 0.13 | KS p = 0.64 | NOC = 17,68.6,Unemployment (percent) (percentile)
Unemployment (percent) (percentile),NW,,,6,2,8,55.9516492643569,45.32419873186832,10.62745053248858,0.8571428571428572,0.6428571428571428,0.3333333333333333,ΔMed = 10.63 | Cliff's d = 0.33 | KS p = 0.86 | NOC = 8,68.4375,Unemployment (percent) (percentile)
