,Distance,Wind15,Grass,Pressure,Ice,Good,Weather_Clouds,Weather_Inside,Weather_SnowRain,Weather_Sun,Temperature_Cold,Temperature_Hot,Temperature_Nice
1,29,0,1,0,0,1,0,0,0,1,0,0,1
2,33,0,1,0,0,1,0,0,0,1,0,0,1
3,25,0,1,0,0,0,0,0,0,1,0,0,1
4,23,0,1,0,0,1,0,0,0,1,0,0,1
5,48,0,1,0,0,0,0,0,0,1,0,0,1
6,33,0,1,0,0,1,0,0,0,1,0,0,1
7,36,0,1,1,0,1,0,0,0,1,0,0,1
8,34,0,0,0,0,1,0,0,0,1,0,1,0
9,45,0,0,0,0,1,0,0,0,1,0,1,0
10,48,0,0,0,0,0,0,0,0,1,0,1,0
11,33,0,0,0,0,1,0,0,0,1,0,1,0
12,52,0,0,0,0,1,0,0,0,1,0,1,0
13,50,0,0,0,0,0,0,0,0,1,0,1,0
14,27,0,1,0,0,1,1,0,0,0,0,0,1
15,50,0,1,0,0,0,1,0,0,0,0,0,1
16,47,0,1,0,0,0,1,0,0,0,0,0,1
17,30,0,0,0,0,1,1,0,0,0,0,1,0
18,22,0,0,0,0,1,1,0,0,0,0,1,0
19,42,0,0,0,0,1,1,0,0,0,0,1,0
20,49,0,0,0,0,1,1,0,0,0,0,1,0
21,49,0,0,0,0,1,1,0,0,0,0,1,0
22,43,0,0,0,0,0,1,0,0,0,0,1,0
23,28,0,1,0,0,1,0,0,0,1,0,1,0
24,27,0,1,0,0,1,0,0,0,1,0,1,0
25,21,0,1,0,0,1,0,0,0,1,0,1,0
26,54,0,1,0,0,1,0,0,0,1,0,1,0
27,33,0,1,0,0,1,0,0,0,1,0,1,0
28,30,0,1,1,0,1,0,0,0,1,0,1,0
29,20,0,1,0,0,1,0,0,0,1,0,1,0
30,32,0,1,0,0,1,0,0,0,1,0,1,0
31,34,0,1,0,0,1,0,0,0,1,0,1,0
32,41,0,1,1,0,1,0,0,0,1,0,1,0
33,21,0,1,0,0,1,0,0,0,1,0,1,0
34,52,0,1,1,1,1,0,0,0,1,0,1,0
35,28,0,1,0,0,1,0,0,0,1,0,1,0
36,42,0,1,0,0,0,0,0,0,1,0,1,0
37,42,0,1,0,0,1,0,0,0,1,0,1,0
38,34,0,1,1,1,1,0,0,0,1,0,1,0
39,52,1,1,0,0,0,0,0,1,0,0,1,0
40,27,1,1,0,0,1,0,0,1,0,0,1,0
41,33,1,1,0,0,0,0,0,1,0,0,1,0
42,30,0,1,0,0,1,0,0,0,1,0,1,0
43,33,0,1,0,0,1,0,0,0,1,0,1,0
44,47,0,1,0,0,1,0,0,0,1,0,1,0
45,35,0,1,0,0,1,0,0,0,1,0,0,1
46,36,0,1,0,0,1,0,0,0,1,0,0,1
47,20,0,1,0,0,1,0,0,0,1,0,0,1
48,39,0,1,0,0,1,0,0,0,1,0,0,1
49,52,0,1,0,0,0,0,0,0,1,0,0,1
50,41,0,1,0,0,1,1,0,0,0,0,1,0
51,34,0,1,0,0,1,1,0,0,0,0,1,0
52,32,0,1,0,0,1,1,0,0,0,0,1,0
53,41,0,1,0,0,1,1,0,0,0,0,1,0
54,43,0,1,0,0,1,1,0,0,0,0,1,0
55,39,0,1,0,0,0,1,0,0,0,0,1,0
56,39,0,1,0,0,1,1,0,0,0,0,1,0
57,27,0,1,0,0,1,0,0,0,1,0,0,1
58,39,0,1,0,0,0,0,0,0,1,0,0,1
59,32,0,1,0,0,1,0,0,0,1,0,0,1
60,28,0,1,0,0,1,1,0,0,0,0,1,0
61,41,0,1,0,0,1,1,0,0,0,0,1,0
62,52,0,1,0,0,1,1,0,0,0,0,1,0
63,47,0,1,0,0,0,1,0,0,0,0,1,0
64,53,0,1,0,0,0,1,0,0,0,0,1,0
65,40,0,1,1,0,1,1,0,0,0,0,1,0
66,42,0,1,0,0,1,0,1,0,0,0,0,1
67,33,0,1,0,0,1,0,1,0,0,0,0,1
68,42,0,1,0,0,0,0,1,0,0,0,0,1
69,39,0,1,0,0,0,0,0,0,1,0,1,0
70,42,0,1,0,0,1,0,0,0,1,0,1,0
71,28,0,1,0,0,1,0,0,0,1,0,1,0
72,27,0,1,0,0,1,0,0,0,1,0,1,0
73,50,0,0,0,0,0,0,1,0,0,0,0,1
74,50,0,0,0,0,0,0,1,0,0,0,0,1
75,37,0,0,0,0,1,0,1,0,0,0,0,1
76,27,0,0,0,0,1,0,1,0,0,0,0,1
77,45,0,0,1,0,0,0,1,0,0,0,0,1
78,36,0,1,0,0,1,0,0,1,0,0,0,1
79,30,0,1,0,0,1,0,0,1,0,0,0,1
80,30,0,1,0,0,1,0,0,1,0,0,0,1
81,55,0,1,0,0,0,0,0,1,0,0,0,1
82,46,0,1,0,0,0,0,0,1,0,0,0,1
83,40,0,1,0,0,0,0,0,1,0,0,0,1
84,23,0,1,0,0,1,0,0,1,0,0,0,1
85,52,0,1,0,0,1,1,0,0,0,0,0,1
86,45,0,1,0,0,1,1,0,0,0,0,0,1
87,37,0,0,0,0,1,1,0,0,0,0,1,0
88,52,0,0,0,0,1,1,0,0,0,0,1,0
89,28,0,0,0,0,0,0,1,0,0,0,0,1
90,25,0,0,0,0,1,0,1,0,0,0,0,1
91,23,0,0,0,0,1,0,1,0,0,0,0,1
92,25,0,1,0,0,1,0,0,0,1,0,0,1
93,38,0,1,0,0,1,0,0,0,1,0,0,1
94,39,0,1,0,0,1,0,0,0,1,0,0,1
95,26,0,1,0,0,1,0,0,0,1,0,0,1
96,43,0,1,0,0,0,0,0,0,1,0,0,1
97,39,0,0,0,0,0,0,1,0,0,0,0,1
98,27,0,0,0,0,1,0,1,0,0,0,0,1
99,36,0,0,0,0,1,0,1,0,0,0,0,1
100,28,0,1,0,0,1,1,0,0,0,0,0,1
101,31,0,1,0,0,1,1,0,0,0,0,0,1
102,40,0,1,0,0,1,1,0,0,0,0,0,1
103,20,0,0,0,0,1,0,1,0,0,0,0,1
104,32,0,0,0,0,1,0,1,0,0,0,0,1
105,34,0,0,0,0,1,0,1,0,0,0,0,1
106,25,0,0,0,0,1,0,1,0,0,0,0,1
107,35,0,0,0,0,0,0,1,0,0,0,0,1
108,23,0,0,0,0,1,1,0,0,0,0,0,1
109,46,0,0,0,0,1,1,0,0,0,0,0,1
110,19,0,0,0,0,1,1,0,0,0,0,0,1
111,29,0,0,0,0,1,0,1,0,0,0,0,1
112,22,0,0,0,0,1,0,1,0,0,0,0,1
113,44,0,0,0,0,0,0,1,0,0,0,0,1
114,52,0,0,0,0,1,0,1,0,0,0,0,1
115,20,0,0,0,0,1,0,1,0,0,0,0,1
116,20,0,0,0,0,1,0,1,0,0,0,0,1
117,54,0,0,1,0,1,0,1,0,0,0,0,1
118,44,0,0,1,0,0,0,1,0,0,0,0,1
119,45,0,1,0,0,1,0,0,0,1,0,0,1
120,36,0,1,0,0,1,0,0,0,1,0,0,1
121,28,0,1,0,0,1,1,0,0,0,0,0,1
122,41,0,1,0,0,1,1,0,0,0,0,0,1
123,45,0,1,0,0,1,1,0,0,0,0,0,1
124,46,0,1,0,0,0,1,0,0,0,0,0,1
125,27,0,1,0,0,1,1,0,0,0,0,0,1
126,46,0,1,0,0,1,1,0,0,0,0,0,1
127,22,0,1,0,0,1,1,0,0,0,0,0,1
128,40,0,1,0,0,1,1,0,0,0,0,0,1
129,47,0,1,0,0,1,1,0,0,0,0,0,1
130,31,0,0,0,0,1,1,0,0,0,0,0,1
131,25,0,0,0,0,1,1,0,0,0,0,0,1
132,58,0,0,0,0,0,1,0,0,0,0,0,1
133,25,0,0,0,0,1,1,0,0,0,0,0,1
134,54,0,1,0,0,0,0,0,0,1,0,1,0
135,24,0,1,0,0,1,0,0,0,1,0,1,0
136,26,0,1,0,0,1,0,0,0,1,0,1,0
137,39,0,1,0,0,1,0,0,0,1,0,1,0
138,47,0,1,0,0,0,0,0,0,1,0,1,0
139,37,0,1,0,0,1,0,0,0,1,0,1,0
140,20,0,1,0,0,1,0,0,0,1,0,1,0
141,53,0,1,0,0,1,0,0,0,1,0,1,0
142,25,0,1,0,0,1,0,0,0,1,0,1,0
143,31,0,1,0,0,0,0,0,0,1,0,1,0
144,29,0,1,0,0,1,0,0,0,1,0,1,0
145,45,0,0,0,0,0,0,1,0,0,0,0,1
146,39,0,0,0,0,0,0,1,0,0,0,0,1
147,39,1,1,0,0,1,1,0,0,0,0,1,0
148,37,1,1,0,0,1,1,0,0,0,0,1,0
149,35,1,1,1,1,1,1,0,0,0,0,1,0
150,51,0,0,0,0,1,1,0,0,0,0,1,0
151,20,0,0,0,0,1,1,0,0,0,0,1,0
152,32,0,0,0,0,1,1,0,0,0,0,1,0
153,47,0,0,0,0,1,1,0,0,0,0,1,0
154,33,0,0,0,0,1,1,0,0,0,0,1,0
155,52,0,1,0,0,0,1,0,0,0,0,0,1
156,33,0,1,1,0,1,1,0,0,0,0,0,1
157,50,0,1,0,0,0,0,0,0,1,0,1,0
158,49,0,1,0,0,0,0,0,0,1,0,0,1
159,38,0,1,0,0,1,0,0,0,1,0,0,1
160,33,0,0,0,0,1,0,1,0,0,0,0,1
161,46,0,0,0,0,1,0,1,0,0,0,0,1
162,34,0,0,0,0,1,0,1,0,0,0,0,1
163,47,0,0,0,0,1,0,1,0,0,0,0,1
164,33,0,1,0,0,1,0,0,0,1,0,1,0
165,21,0,1,0,0,1,0,0,0,1,0,1,0
166,47,0,1,1,0,1,0,0,0,1,0,1,0
167,42,0,1,0,0,1,0,0,0,1,0,1,0
168,27,0,1,0,0,1,0,0,0,1,0,1,0
169,33,0,1,0,0,1,0,0,0,1,0,0,1
170,35,0,1,0,0,1,0,0,0,1,0,0,1
171,33,0,1,0,0,1,0,0,0,1,0,0,1
172,44,0,0,0,0,1,0,1,0,0,0,0,1
173,26,0,0,0,0,1,0,1,0,0,0,0,1
174,34,0,0,0,0,1,0,1,0,0,0,0,1
175,24,0,0,0,0,1,0,1,0,0,0,0,1
176,39,0,1,0,0,1,1,0,0,0,0,0,1
177,47,0,1,0,0,1,1,0,0,0,0,0,1
178,46,0,0,0,0,1,0,0,0,1,0,0,1
179,24,0,0,0,0,1,0,0,0,1,0,0,1
180,48,0,0,0,0,1,0,0,0,1,0,0,1
181,49,0,0,0,0,1,0,0,0,1,0,0,1
182,39,0,0,1,0,0,0,0,0,1,0,0,1
183,23,0,0,0,0,1,0,1,0,0,0,0,1
184,34,0,0,0,0,1,0,1,0,0,0,0,1
185,23,0,0,0,0,1,0,1,0,0,0,0,1
186,38,0,0,0,0,1,0,1,0,0,0,0,1
187,24,0,1,1,0,0,0,0,1,0,0,0,1
188,30,0,1,0,0,1,0,0,1,0,0,0,1
189,44,0,1,0,0,0,0,0,1,0,0,1,0
190,46,0,1,0,0,1,0,0,1,0,0,1,0
191,50,0,1,0,0,1,1,0,0,0,0,0,1
192,24,0,1,0,0,1,1,0,0,0,0,0,1
193,49,0,1,0,0,1,1,0,0,0,0,0,1
194,29,0,1,0,0,1,1,0,0,0,0,0,1
195,25,0,1,0,0,1,1,0,0,0,0,0,1
196,25,0,0,0,0,1,1,0,0,0,0,0,1
197,41,0,0,0,0,1,1,0,0,0,0,0,1
198,48,0,0,0,0,1,1,0,0,0,0,0,1
199,28,0,1,0,0,1,0,0,0,1,0,0,1
200,28,0,1,0,0,1,0,0,0,1,0,0,1
201,45,0,1,1,1,0,0,0,0,1,0,0,1
202,19,0,1,0,0,1,0,0,0,1,0,0,1
203,27,0,1,0,0,1,0,0,0,1,0,0,1
204,24,0,1,1,1,0,0,0,0,1,0,0,1
205,31,0,1,1,0,1,0,0,0,1,0,0,1
206,35,0,0,0,0,1,0,1,0,0,0,0,1
207,48,0,0,1,0,1,0,1,0,0,0,0,1
208,27,0,0,0,0,1,0,1,0,0,0,0,1
209,49,0,0,1,0,0,0,1,0,0,0,0,1
210,42,0,1,0,0,0,0,0,0,1,0,1,0
211,45,0,1,0,0,0,0,0,0,1,0,0,1
212,28,0,1,0,0,1,1,0,0,0,0,0,1
213,50,0,1,0,0,0,1,0,0,0,0,0,1
214,41,0,1,0,0,0,1,0,0,0,0,0,1
215,35,0,0,0,0,1,0,0,0,1,0,0,1
216,44,0,0,0,0,0,0,0,0,1,0,0,1
217,35,0,0,0,0,1,0,0,0,1,0,0,1
218,21,0,0,0,0,1,0,0,0,1,0,0,1
219,40,0,1,0,0,1,0,0,0,1,0,0,1
220,57,0,1,0,0,0,0,0,0,1,0,0,1
221,44,0,1,0,0,0,0,0,0,1,0,0,1
222,23,0,1,0,0,1,0,0,0,1,0,0,1
223,41,0,1,0,0,1,0,0,0,1,0,0,1
224,46,0,0,0,0,0,0,1,0,0,0,0,1
225,34,0,0,0,0,1,0,1,0,0,0,0,1
226,32,0,0,0,0,1,0,1,0,0,0,0,1
227,23,0,0,0,0,1,0,1,0,0,0,0,1
228,22,0,0,0,0,1,0,1,0,0,0,0,1
229,30,0,0,0,0,1,0,0,0,1,0,0,1
230,32,0,1,0,0,1,0,0,0,1,0,0,1
231,48,0,1,0,0,1,0,0,0,1,0,0,1
232,41,0,1,0,0,1,0,0,0,1,0,0,1
233,28,0,1,0,0,1,0,0,0,1,0,0,1
234,50,0,1,1,1,1,0,0,0,1,0,0,1
235,45,0,0,0,0,0,1,0,0,0,0,1,0
236,32,0,0,0,0,1,1,0,0,0,0,1,0
237,45,0,1,0,0,0,0,0,0,1,0,1,0
238,40,0,1,0,0,1,0,0,0,1,0,1,0
239,33,0,1,0,0,1,0,0,0,1,0,1,0
240,40,0,0,0,0,1,0,1,0,0,0,0,1
241,48,0,0,0,0,1,0,1,0,0,0,0,1
242,31,0,0,0,0,1,0,1,0,0,0,0,1
243,48,0,0,0,0,1,0,1,0,0,0,0,1
244,31,0,1,0,0,1,0,0,0,1,0,0,1
245,24,0,1,0,0,1,0,0,0,1,0,0,1
246,36,0,1,0,0,1,0,0,0,1,0,0,1
247,43,0,1,0,0,0,0,0,0,1,0,0,1
248,36,0,1,0,0,1,1,0,0,0,0,0,1
249,40,0,1,0,0,1,1,0,0,0,0,0,1
250,27,0,1,0,0,1,1,0,0,0,0,0,1
251,51,0,1,0,0,0,1,0,0,0,0,0,1
252,25,0,1,1,0,1,1,0,0,0,0,0,1
253,31,0,1,0,0,1,0,0,1,0,0,1,0
254,34,0,1,0,0,1,0,0,1,0,0,1,0
255,31,0,1,0,0,1,0,0,1,0,0,1,0
256,33,0,1,0,0,1,0,0,0,1,0,0,1
257,21,0,1,0,0,1,0,0,0,1,0,0,1
258,32,0,1,0,0,1,0,0,0,1,0,0,1
259,38,0,1,0,0,1,0,0,0,1,0,0,1
260,37,0,1,0,0,1,0,0,0,1,0,0,1
261,43,0,1,0,0,1,1,0,0,0,0,0,1
262,28,0,1,0,0,1,1,0,0,0,0,0,1
263,27,0,1,0,0,1,1,0,0,0,0,0,1
264,28,0,1,0,0,1,1,0,0,0,0,0,1
265,49,0,0,0,0,1,0,0,0,1,0,0,1
266,28,0,0,0,0,0,0,0,0,1,0,0,1
267,36,0,0,0,0,0,0,0,0,1,0,0,1
268,35,0,0,0,0,1,0,0,0,1,0,0,1
269,50,0,0,0,0,0,0,0,0,1,0,0,1
270,34,1,1,0,0,1,1,0,0,0,0,0,1
271,32,1,1,0,0,0,1,0,0,0,0,0,1
272,30,1,1,0,0,1,1,0,0,0,0,0,1
273,46,1,1,0,0,0,1,0,0,0,0,0,1
274,44,0,0,0,0,0,1,0,0,0,0,0,1
275,50,0,0,0,0,1,1,0,0,0,0,0,1
276,44,0,0,0,0,1,1,0,0,0,0,0,1
277,26,0,1,0,0,1,0,1,0,0,0,0,1
278,33,0,1,0,0,1,0,1,0,0,0,0,1
279,41,0,0,0,0,1,0,1,0,0,0,0,1
280,51,0,0,0,0,1,0,1,0,0,0,0,1
281,39,0,0,0,0,1,0,1,0,0,0,0,1
282,50,0,0,0,0,1,0,1,0,0,0,0,1
283,43,0,0,0,0,1,0,1,0,0,0,0,1
284,25,0,0,0,0,1,0,1,0,0,0,0,1
285,38,0,0,1,1,1,0,1,0,0,0,0,1
286,42,0,0,0,0,1,0,1,0,0,0,0,1
287,49,0,0,0,0,1,0,1,0,0,0,0,1
288,42,0,1,0,0,0,0,0,1,0,0,0,1
289,32,0,1,0,0,1,0,0,1,0,0,0,1
290,38,0,1,0,0,1,1,0,0,0,0,0,1
291,31,0,1,0,0,1,1,0,0,0,0,0,1
292,40,1,1,0,0,1,0,0,0,1,0,0,1
293,26,1,1,0,0,1,0,0,0,1,0,0,1
294,33,1,1,0,0,1,0,0,0,1,0,0,1
295,32,1,1,0,0,0,0,0,0,1,0,0,1
296,21,0,1,0,0,1,1,0,0,0,0,0,1
297,23,0,1,0,0,1,1,0,0,0,0,0,1
298,36,0,1,0,0,1,1,0,0,0,0,0,1
299,43,0,0,0,0,1,0,1,0,0,0,0,1
300,32,0,0,0,0,1,0,1,0,0,0,0,1
301,35,0,0,0,0,0,0,1,0,0,0,0,1
302,28,0,1,0,0,1,0,0,0,1,0,0,1
303,43,0,1,1,0,1,0,0,0,1,0,0,1
304,50,0,1,0,0,1,1,0,0,0,0,1,0
305,33,0,1,0,0,1,1,0,0,0,0,1,0
306,45,0,1,0,0,0,1,0,0,0,0,1,0
307,34,0,1,0,0,0,1,0,0,0,0,1,0
308,33,0,1,0,0,1,0,0,0,1,0,0,1
309,52,0,1,0,0,1,0,0,0,1,0,0,1
310,23,0,1,0,0,1,0,0,0,1,0,0,1
311,40,0,1,0,0,1,0,0,0,1,0,0,1
312,55,0,1,1,0,1,0,0,0,1,0,0,1
313,48,0,1,0,0,0,0,0,0,1,0,0,1
314,53,0,1,1,0,1,0,0,0,1,0,0,1
315,37,0,0,0,0,1,0,0,0,1,0,0,1
316,29,0,0,0,0,1,0,0,0,1,0,0,1
317,36,0,0,0,0,0,0,0,0,1,0,0,1
318,57,0,0,0,0,0,0,0,0,1,0,0,1
319,41,0,0,0,0,1,0,1,0,0,0,0,1
320,45,0,0,0,0,1,0,1,0,0,0,0,1
321,49,0,0,0,0,1,0,1,0,0,0,0,1
322,39,0,1,0,0,0,0,0,1,0,0,0,1
323,22,0,1,0,0,1,0,0,1,0,0,0,1
324,46,0,1,0,0,0,0,0,1,0,0,0,1
325,30,0,1,0,0,1,0,0,1,0,0,0,1
326,53,0,0,0,0,1,0,1,0,0,0,0,1
327,42,0,0,0,0,1,0,1,0,0,0,0,1
328,55,0,0,0,0,0,0,1,0,0,0,0,1
329,30,0,0,0,0,1,0,1,0,0,0,0,1
330,24,0,0,1,1,1,0,1,0,0,0,0,1
331,48,0,0,1,0,1,0,1,0,0,0,0,1
332,41,0,1,0,0,1,0,0,0,1,0,0,1
333,32,0,1,0,0,1,0,0,0,1,0,0,1
334,43,0,1,0,0,0,0,0,0,1,0,0,1
335,32,0,1,0,0,1,0,0,0,1,0,0,1
336,33,0,1,0,0,1,0,0,0,1,0,0,1
337,25,0,1,1,0,1,0,0,0,1,0,0,1
338,46,0,1,0,0,1,0,0,0,1,0,1,0
339,26,0,1,0,0,1,0,0,0,1,0,1,0
340,44,0,1,0,0,1,0,0,0,1,0,1,0
341,42,0,1,0,0,1,0,0,0,1,0,1,0
342,46,0,0,0,0,1,0,1,0,0,0,0,1
343,55,0,0,0,0,0,0,1,0,0,0,0,1
344,31,0,0,0,0,1,0,1,0,0,0,0,1
345,22,0,0,0,0,1,0,1,0,0,0,0,1
346,24,0,0,0,0,1,0,1,0,0,0,0,1
347,41,0,0,0,0,1,0,1,0,0,0,0,1
348,38,0,1,0,0,1,1,0,0,0,0,0,1
349,31,0,1,0,0,0,1,0,0,0,0,0,1
350,37,0,1,0,0,1,1,0,0,0,0,0,1
351,30,0,0,0,0,1,1,0,0,0,0,0,1
352,36,0,0,0,0,1,1,0,0,0,0,0,1
353,48,0,0,0,0,1,1,0,0,0,0,0,1
354,29,0,0,0,0,0,1,0,0,0,0,0,1
355,48,0,0,0,0,0,0,1,0,0,0,0,1
356,31,0,0,0,0,1,0,1,0,0,0,0,1
357,45,0,0,0,0,1,0,1,0,0,0,0,1
358,47,0,0,0,0,1,0,1,0,0,0,0,1
359,40,0,1,0,0,0,0,0,0,1,0,0,1
360,47,0,1,0,0,1,0,0,0,1,0,0,1
361,35,0,1,0,0,1,0,0,0,1,0,0,1
362,43,0,1,0,0,1,0,0,0,1,0,0,1
363,27,0,1,0,0,0,0,0,0,1,0,0,1
364,48,0,1,0,0,0,0,0,0,1,0,0,1
365,49,0,1,1,0,0,1,0,0,0,0,1,0
366,41,0,1,0,0,1,1,0,0,0,0,1,0
367,53,0,1,0,0,0,1,0,0,0,0,1,0
368,23,0,1,0,0,1,1,0,0,0,0,1,0
369,28,0,1,0,0,0,1,0,0,0,0,1,0
370,51,0,1,1,0,0,1,0,0,0,0,1,0
371,40,0,1,1,0,1,1,0,0,0,0,1,0
372,36,1,1,0,0,1,1,0,0,0,0,0,1
373,41,1,1,0,0,1,1,0,0,0,0,0,1
374,28,1,1,0,0,1,1,0,0,0,0,0,1
375,25,1,1,0,0,1,1,0,0,0,0,0,1
376,53,1,1,0,0,1,1,0,0,0,0,0,1
377,30,1,1,0,0,0,1,0,0,0,0,0,1
378,31,1,1,0,0,1,1,0,0,0,0,0,1
379,48,0,1,0,0,0,1,0,0,0,0,0,1
380,48,0,1,0,0,0,1,0,0,0,0,0,1
381,41,0,1,0,0,1,1,0,0,0,0,0,1
382,34,0,1,0,0,1,1,0,0,0,0,0,1
383,28,0,1,0,0,1,1,0,0,0,0,0,1
384,35,1,0,0,0,1,1,0,0,0,0,0,1
385,33,1,0,0,0,1,1,0,0,0,0,0,1
386,20,0,1,0,0,1,1,0,0,0,0,0,1
387,47,0,1,0,0,1,1,0,0,0,0,0,1
388,39,0,1,0,0,1,1,0,0,0,0,0,1
389,32,0,1,0,0,1,1,0,0,0,0,0,1
390,52,0,1,0,0,1,1,0,0,0,0,0,1
391,53,0,1,1,0,1,1,0,0,0,0,0,1
392,47,0,1,1,0,1,1,0,0,0,0,0,1
393,33,0,1,0,0,1,1,0,0,0,0,0,1
394,28,0,1,0,0,1,1,0,0,0,0,0,1
395,46,0,1,0,0,1,1,0,0,0,0,0,1
396,44,0,1,0,0,1,1,0,0,0,0,0,1
397,20,0,0,1,0,1,1,0,0,0,0,0,1
398,46,0,1,0,0,1,0,0,1,0,1,0,0
399,22,0,1,0,0,1,0,0,1,0,1,0,0
400,44,0,1,0,0,0,0,0,1,0,1,0,0
401,32,0,1,0,0,1,0,0,1,0,1,0,0
402,44,0,0,0,0,1,0,1,0,0,0,0,1
403,24,0,0,0,0,1,0,1,0,0,0,0,1
404,24,0,0,0,0,1,0,1,0,0,0,0,1
405,40,0,0,0,0,1,0,1,0,0,0,0,1
406,40,0,0,0,0,1,0,1,0,0,0,0,1
407,31,0,0,0,0,1,0,1,0,0,0,0,1
408,32,0,0,0,0,1,0,1,0,0,0,0,1
409,47,0,0,1,0,1,0,1,0,0,0,0,1
410,23,0,1,0,0,1,1,0,0,0,0,0,1
411,26,0,1,0,0,1,1,0,0,0,0,0,1
412,35,0,1,0,0,1,1,0,0,0,0,0,1
413,44,0,1,1,1,0,1,0,0,0,0,0,1
414,45,0,1,0,0,1,0,0,0,1,0,0,1
415,45,0,1,0,0,0,0,0,1,0,0,0,1
416,43,0,1,0,0,1,0,0,1,0,0,0,1
417,45,0,1,1,0,1,0,0,1,0,0,0,1
418,50,0,1,0,0,0,0,0,1,0,0,0,1
419,35,0,1,0,0,0,0,0,1,0,0,0,1
420,34,0,1,0,0,1,0,0,1,0,0,0,1
421,48,1,1,0,0,0,0,0,0,1,0,0,1
422,19,1,1,0,0,1,0,0,0,1,0,0,1
423,39,1,1,0,0,0,0,0,0,1,0,0,1
424,26,1,1,0,0,1,0,0,0,1,0,0,1
425,40,0,1,0,0,1,1,0,0,0,0,0,1
426,23,0,1,0,0,1,1,0,0,0,0,0,1
427,41,0,1,0,0,1,1,0,0,0,0,0,1
428,22,0,1,0,0,1,1,0,0,0,0,0,1
429,50,0,0,0,0,0,1,0,0,0,0,0,1
430,27,0,0,0,0,1,1,0,0,0,0,0,1
431,36,0,0,0,0,1,1,0,0,0,0,0,1
432,35,0,0,0,0,1,1,0,0,0,0,0,1
433,26,0,0,0,0,1,1,0,0,0,0,0,1
434,23,0,0,0,0,1,0,1,0,0,0,0,1
435,40,0,0,0,0,1,0,1,0,0,0,0,1
436,32,0,0,0,0,1,0,1,0,0,0,0,1
437,50,0,0,0,0,0,1,0,0,0,1,0,0
438,25,0,0,0,0,0,1,0,0,0,1,0,0
439,45,0,0,0,0,0,1,0,0,0,1,0,0
440,46,0,0,0,0,1,1,0,0,0,1,0,0
441,23,0,0,0,0,1,0,0,1,0,1,0,0
442,36,0,0,0,0,1,0,0,1,0,1,0,0
443,27,0,0,0,0,1,0,0,1,0,1,0,0
444,22,0,0,0,0,1,0,0,1,0,1,0,0
445,30,0,0,0,0,1,0,0,1,0,1,0,0
446,53,0,0,0,0,1,0,0,1,0,1,0,0
447,43,0,1,0,0,1,0,0,0,1,1,0,0
448,41,0,1,0,0,0,0,0,0,1,1,0,0
449,28,0,1,0,0,1,0,0,0,1,1,0,0
450,42,0,1,0,0,1,0,0,0,1,1,0,0
451,42,0,0,0,0,1,0,1,0,0,0,0,1
452,44,0,0,0,0,1,0,1,0,0,0,0,1
453,43,0,0,1,0,1,0,1,0,0,0,0,1
454,23,0,1,0,0,1,0,1,0,0,0,0,1
455,46,0,1,0,0,0,0,1,0,0,0,0,1
456,53,0,1,0,0,0,0,1,0,0,0,0,1
457,25,0,1,0,0,1,0,1,0,0,0,0,1
458,28,0,0,0,0,1,0,1,0,0,0,0,1
459,34,0,0,0,0,1,0,1,0,0,0,0,1
460,39,0,0,0,0,1,0,1,0,0,0,0,1
461,46,0,0,0,0,0,0,1,0,0,0,0,1
462,26,0,1,0,0,1,1,0,0,0,0,0,1
463,36,0,1,0,0,1,1,0,0,0,0,0,1
464,40,0,1,0,0,0,1,0,0,0,0,0,1
465,24,0,1,0,0,1,0,0,0,1,0,0,1
466,32,0,1,0,0,1,0,0,0,1,0,0,1
467,43,0,1,0,0,0,0,0,0,1,0,0,1
468,38,0,1,0,0,1,0,0,0,1,0,0,1
469,47,0,1,0,0,0,1,0,0,0,0,0,1
470,24,0,1,0,0,1,1,0,0,0,0,0,1
471,42,0,1,0,0,1,1,0,0,0,0,0,1
472,20,0,1,0,0,1,1,0,0,0,0,0,1
473,39,0,1,0,0,0,1,0,0,0,0,0,1
474,22,0,1,0,0,1,1,0,0,0,0,0,1
475,27,0,1,1,0,0,1,0,0,0,0,0,1
476,23,0,1,1,1,1,1,0,0,0,0,0,1
477,42,0,1,0,0,1,1,0,0,0,0,0,1
478,23,0,1,0,0,1,1,0,0,0,0,0,1
479,23,0,0,0,0,1,0,0,0,1,0,0,1
480,41,0,1,0,0,0,1,0,0,0,0,0,1
481,37,0,1,0,0,0,1,0,0,0,0,0,1
482,27,0,1,0,0,1,1,0,0,0,0,0,1
483,24,0,1,0,0,1,1,0,0,0,0,0,1
484,27,0,1,0,0,1,0,0,0,1,1,0,0
485,46,0,1,0,0,1,0,0,0,1,1,0,0
486,43,1,1,0,0,1,1,0,0,0,0,0,1
487,35,1,1,0,0,1,1,0,0,0,0,0,1
488,33,1,1,0,0,1,1,0,0,0,0,0,1
489,39,0,1,0,0,1,1,0,0,0,0,0,1
490,23,0,1,0,0,1,1,0,0,0,0,0,1
491,19,0,1,0,0,1,1,0,0,0,0,0,1
492,50,0,1,0,0,0,1,0,0,0,0,0,1
493,30,0,1,0,0,1,1,0,0,0,0,0,1
494,40,0,1,0,0,1,1,0,0,0,0,0,1
495,36,0,1,0,0,1,1,0,0,0,0,0,1
496,33,0,1,0,0,1,1,0,0,0,0,0,1
497,20,0,0,0,0,1,0,1,0,0,0,0,1
498,27,0,0,0,0,1,0,1,0,0,0,0,1
499,31,0,0,0,0,0,0,1,0,0,0,0,1
500,34,1,0,0,0,1,1,0,0,0,0,0,1
501,20,1,0,0,0,1,1,0,0,0,0,0,1
502,48,1,0,0,0,0,1,0,0,0,0,0,1
503,36,1,1,0,0,1,1,0,0,0,0,0,1
504,40,1,1,1,0,1,1,0,0,0,0,0,1
505,56,1,1,1,0,0,1,0,0,0,0,0,1
506,34,1,1,0,0,1,1,0,0,0,0,0,1
507,40,1,1,0,0,0,1,0,0,0,0,0,1
508,34,1,1,0,0,1,1,0,0,0,0,0,1
509,48,1,1,1,1,0,1,0,0,0,0,0,1
510,41,0,0,0,0,1,0,1,0,0,0,0,1
511,51,1,1,0,0,1,0,0,0,1,0,0,1
512,49,1,1,0,0,0,0,0,0,1,0,0,1
513,24,1,1,0,0,1,0,0,0,1,0,0,1
514,40,0,1,0,0,1,0,0,0,1,0,0,1
515,27,0,1,0,0,1,0,0,0,1,0,0,1
516,23,0,1,0,0,1,0,0,0,1,0,0,1
517,30,0,1,0,0,1,0,0,0,1,0,0,1
518,27,0,1,0,0,1,0,0,1,0,0,1,0
519,43,0,1,0,0,1,0,0,1,0,0,1,0
520,27,0,1,0,0,1,0,0,1,0,0,1,0
521,42,0,1,0,0,1,0,0,1,0,0,1,0
522,49,0,1,0,0,0,0,0,1,0,0,1,0
523,39,1,0,0,0,1,1,0,0,0,0,0,1
524,40,1,0,0,0,1,1,0,0,0,0,0,1
525,32,1,0,0,0,1,1,0,0,0,0,0,1
526,57,1,0,0,0,1,1,0,0,0,0,0,1
527,31,1,0,0,0,1,1,0,0,0,0,0,1
528,42,1,0,0,0,1,1,0,0,0,0,0,1
529,25,1,0,0,0,1,1,0,0,0,0,0,1
530,33,1,1,0,0,1,1,0,0,0,0,0,1
531,43,1,1,0,0,1,1,0,0,0,0,0,1
532,42,1,1,0,0,1,1,0,0,0,0,0,1
533,46,1,1,0,0,0,1,0,0,0,0,0,1
534,30,0,1,0,0,1,1,0,0,0,0,0,1
535,27,0,1,1,0,1,1,0,0,0,0,0,1
536,28,0,1,0,0,1,1,0,0,0,0,0,1
537,27,0,1,0,0,1,1,0,0,0,1,0,0
538,47,0,1,0,0,1,1,0,0,0,1,0,0
539,32,0,1,0,0,1,1,0,0,0,1,0,0
540,35,0,0,0,0,1,0,1,0,0,0,0,1
541,39,0,0,0,0,0,0,1,0,0,0,0,1
542,42,0,0,0,0,1,0,1,0,0,0,0,1
543,24,0,1,0,0,0,1,0,0,0,1,0,0
544,27,0,1,0,0,1,1,0,0,0,1,0,0
545,40,0,1,0,0,1,1,0,0,0,1,0,0
546,37,0,1,0,0,1,1,0,0,0,1,0,0
547,31,0,1,0,0,1,1,0,0,0,1,0,0
548,21,0,0,0,0,1,0,1,0,0,0,0,1
549,52,0,0,0,0,0,0,1,0,0,0,0,1
550,23,0,0,0,0,0,0,1,0,0,0,0,1
551,48,0,0,0,0,1,0,1,0,0,0,0,1
552,42,0,0,0,0,0,0,1,0,0,0,0,1
553,32,0,0,0,0,1,0,1,0,0,0,0,1
554,28,0,1,0,0,1,0,0,0,1,0,0,1
555,45,0,1,0,0,0,0,0,0,1,0,0,1
556,23,0,1,0,0,1,0,0,0,1,0,0,1
557,33,0,1,0,0,1,0,0,0,1,0,0,1
558,27,0,1,0,0,1,0,0,0,1,0,0,1
559,42,0,1,0,0,1,1,0,0,0,0,0,1
560,49,0,1,0,0,1,1,0,0,0,0,0,1
561,32,0,0,0,0,1,0,1,0,0,0,0,1
562,43,0,1,0,0,1,0,0,1,0,0,0,1
563,34,0,1,0,0,1,0,0,1,0,0,0,1
564,33,0,1,0,0,1,0,0,1,0,0,0,1
565,19,0,1,0,0,1,0,0,1,0,0,0,1
566,31,0,1,0,0,1,0,0,1,0,0,0,1
567,42,0,1,0,0,0,0,0,1,0,0,0,1
568,34,0,0,0,0,1,0,0,1,0,0,0,1
569,39,0,1,0,0,0,0,0,0,1,0,0,1
570,43,0,1,0,0,1,0,0,0,1,0,0,1
571,31,0,1,0,0,0,0,0,0,1,0,0,1
572,37,0,1,0,0,0,0,0,0,1,0,0,1
573,44,0,1,0,0,0,0,0,0,1,0,0,1
574,36,0,1,0,0,1,0,0,0,1,0,0,1
575,40,0,1,1,0,1,0,0,0,1,0,0,1
576,24,0,1,0,0,1,0,0,0,1,0,0,1
577,41,0,1,1,0,0,0,0,0,1,0,0,1
578,42,1,1,0,0,1,0,0,1,0,0,0,1
579,44,1,1,0,0,0,0,0,1,0,0,0,1
580,20,1,1,0,0,1,0,0,1,0,0,0,1
581,32,1,1,0,0,1,0,0,1,0,0,0,1
582,41,1,1,0,0,1,0,0,1,0,0,0,1
583,22,0,0,0,0,1,0,1,0,0,0,0,1
584,22,0,1,0,0,1,1,0,0,0,0,0,1
585,40,0,1,0,0,0,1,0,0,0,0,0,1
586,40,0,0,0,0,0,0,0,0,1,0,0,1
587,45,0,0,0,0,1,0,0,0,1,0,0,1
588,52,0,0,0,0,1,0,0,0,1,0,0,1
589,37,0,0,0,0,1,0,0,0,1,0,0,1
590,29,0,0,0,0,1,0,0,0,1,0,0,1
591,39,0,1,0,0,1,1,0,0,0,0,0,1
592,49,0,1,0,0,0,1,0,0,0,0,0,1
593,28,0,1,0,0,1,1,0,0,0,0,0,1
594,36,0,1,0,0,1,1,0,0,0,0,0,1
595,31,0,1,0,0,1,1,0,0,0,0,0,1
596,52,0,1,0,0,0,1,0,0,0,0,0,1
597,37,0,0,0,0,1,0,1,0,0,0,0,1
598,48,0,0,0,0,1,0,1,0,0,0,0,1
599,50,0,0,0,0,1,0,1,0,0,0,0,1
600,32,0,1,0,0,1,0,0,0,1,0,0,1
601,37,0,1,0,0,1,0,0,0,1,0,0,1
602,40,0,1,0,0,1,0,0,0,1,0,0,1
603,21,0,1,0,0,1,0,0,0,1,0,0,1
604,26,0,1,0,0,1,0,0,0,1,0,0,1
605,43,0,1,0,0,1,0,0,0,1,0,0,1
606,28,0,1,0,0,0,0,0,0,1,0,0,1
607,35,0,0,0,0,0,1,0,0,0,0,0,1
608,22,0,0,1,0,1,1,0,0,0,0,0,1
609,40,0,0,1,0,1,1,0,0,0,0,0,1
610,22,0,0,0,0,1,1,0,0,0,0,0,1
611,33,0,0,0,0,0,1,0,0,0,0,0,1
612,41,0,0,0,0,0,1,0,0,0,0,0,1
613,31,0,0,0,0,1,1,0,0,0,0,0,1
614,38,0,1,0,0,1,0,0,0,1,0,0,1
615,42,0,1,0,0,0,0,0,0,1,0,0,1
616,20,0,1,0,0,1,0,0,0,1,0,0,1
617,38,0,1,0,0,1,0,0,0,1,0,0,1
618,54,0,1,0,0,0,0,0,0,1,0,0,1
619,23,0,1,0,0,1,0,0,0,1,0,0,1
620,43,1,1,0,0,0,1,0,0,0,0,0,1
621,38,1,1,0,0,1,1,0,0,0,0,0,1
622,41,1,1,0,0,0,1,0,0,0,0,0,1
623,34,1,1,0,0,1,1,0,0,0,0,0,1
624,33,0,0,0,0,1,0,1,0,0,0,0,1
625,27,0,0,0,0,1,0,1,0,0,0,0,1
626,48,0,0,0,0,1,0,1,0,0,0,0,1
627,28,0,0,0,0,1,0,1,0,0,0,0,1
628,23,0,1,0,0,1,1,0,0,0,0,0,1
629,45,0,1,0,0,0,1,0,0,0,0,0,1
630,43,0,1,0,0,1,1,0,0,0,0,0,1
631,40,0,1,0,0,1,1,0,0,0,0,0,1
632,33,0,1,0,0,1,1,0,0,0,0,0,1
633,51,0,1,0,0,0,1,0,0,0,0,0,1
634,43,0,1,0,0,1,1,0,0,0,0,0,1
635,45,0,1,0,0,1,1,0,0,0,0,0,1
636,38,0,1,0,0,1,0,0,0,1,0,0,1
637,51,0,1,0,0,1,0,0,0,1,0,0,1
638,37,0,1,0,0,1,0,0,0,1,0,0,1
639,51,0,1,0,0,1,0,0,0,1,0,0,1
640,31,0,0,0,0,1,0,0,0,1,0,0,1
641,50,0,0,0,0,0,0,0,0,1,0,0,1
642,37,0,0,0,0,1,0,0,0,1,0,0,1
643,40,0,1,0,0,1,1,0,0,0,0,0,1
644,50,0,1,0,0,1,1,0,0,0,0,0,1
645,33,0,1,0,0,0,1,0,0,0,0,0,1
646,40,0,1,0,0,0,0,0,0,1,0,0,1
647,34,0,1,0,0,0,0,0,0,1,0,0,1
648,30,0,1,0,0,1,0,0,0,1,0,0,1
649,41,0,1,0,0,1,0,0,1,0,1,0,0
650,54,0,1,1,1,1,0,0,1,0,1,0,0
651,51,0,1,1,0,1,0,0,1,0,1,0,0
652,48,0,1,0,0,0,1,0,0,0,0,0,1
653,43,0,1,0,0,1,1,0,0,0,0,0,1
654,35,0,1,0,0,1,1,0,0,0,0,0,1
655,23,0,0,0,0,1,0,1,0,0,0,0,1
656,45,0,0,0,0,1,0,1,0,0,0,0,1
657,39,0,0,0,0,1,0,1,0,0,0,0,1
658,46,0,0,0,0,1,0,1,0,0,0,0,1
659,31,0,0,0,0,1,0,1,0,0,0,0,1
660,29,0,0,0,0,1,0,1,0,0,0,0,1
661,21,0,0,0,0,1,0,0,0,1,0,0,1
662,37,0,0,0,0,0,0,0,0,1,0,0,1
663,42,0,0,0,0,1,0,0,0,1,0,0,1
664,36,0,0,0,0,0,0,0,0,1,0,0,1
665,39,1,0,0,0,1,0,0,1,0,1,0,0
666,46,1,0,0,0,0,0,0,1,0,1,0,0
667,40,0,1,0,0,1,0,0,0,1,1,0,0
668,49,0,1,0,0,0,0,0,0,1,1,0,0
669,38,0,1,0,0,0,0,0,0,1,1,0,0
670,25,1,1,0,0,1,1,0,0,0,1,0,0
671,30,1,1,0,0,0,1,0,0,0,1,0,0
672,33,1,1,0,0,1,1,0,0,0,1,0,0
673,32,1,1,0,0,0,1,0,0,0,1,0,0
674,22,1,1,0,0,0,1,0,0,0,1,0,0
675,43,1,1,0,0,1,1,0,0,0,1,0,0
676,44,1,1,0,0,1,1,0,0,0,1,0,0
677,52,0,1,0,0,0,0,0,1,0,1,0,0
678,21,0,1,0,0,1,0,0,1,0,1,0,0
679,31,0,1,0,0,1,0,0,1,0,1,0,0
680,27,0,1,0,0,1,0,0,1,0,1,0,0
681,23,0,1,0,0,1,0,0,0,1,0,0,1
682,25,0,1,0,0,1,0,0,0,1,0,0,1
683,29,0,1,0,0,1,0,0,0,1,0,0,1
684,30,0,1,0,0,1,0,0,0,1,0,0,1
685,46,0,1,0,0,1,0,0,0,1,0,0,1
686,33,0,1,0,0,1,0,0,0,1,0,0,1
687,50,0,1,0,0,1,0,0,0,1,0,0,1
688,46,1,1,0,0,0,0,0,0,1,0,0,1
689,46,0,0,0,0,0,0,1,0,0,0,0,1
690,29,0,0,1,0,1,0,1,0,0,0,0,1
691,44,0,0,0,0,1,0,1,0,0,0,0,1
692,38,1,1,0,0,1,1,0,0,0,1,0,0
693,36,1,1,0,0,1,1,0,0,0,1,0,0
694,19,1,1,0,0,1,1,0,0,0,1,0,0
695,54,1,1,0,0,0,1,0,0,0,1,0,0
696,38,1,1,1,0,1,1,0,0,0,1,0,0
697,34,0,0,0,0,1,0,1,0,0,0,0,1
698,31,0,0,0,0,1,0,1,0,0,0,0,1
699,46,0,0,0,0,1,0,1,0,0,0,0,1
700,42,0,1,0,0,0,0,0,0,1,0,0,1
701,20,0,1,0,0,1,0,0,0,1,0,0,1
702,40,0,1,0,0,1,0,0,0,1,0,0,1
703,49,0,1,0,0,0,0,0,0,1,0,0,1
704,38,0,1,1,0,0,0,0,0,1,0,0,1
705,27,0,1,1,0,1,0,0,0,1,0,0,1
706,54,0,1,0,0,1,0,0,0,1,0,0,1
707,24,0,1,1,0,1,0,0,0,1,0,0,1
708,53,0,1,1,0,0,0,0,0,1,0,0,1
709,31,1,0,0,0,1,1,0,0,0,1,0,0
710,55,1,0,0,0,0,1,0,0,0,1,0,0
711,22,1,0,0,0,1,1,0,0,0,1,0,0
712,23,0,1,0,0,1,0,0,0,1,0,0,1
713,20,0,1,0,0,1,0,0,0,1,0,0,1
714,48,0,0,0,0,0,0,1,0,0,0,0,1
715,48,0,0,0,0,1,0,1,0,0,0,0,1
716,42,0,0,0,0,0,0,1,0,0,0,0,1
717,51,0,0,0,0,1,0,1,0,0,0,0,1
718,34,0,1,0,0,0,0,0,0,1,0,0,1
719,36,0,1,0,0,1,0,0,0,1,0,0,1
720,45,0,1,0,0,1,0,0,0,1,0,0,1
721,23,0,1,0,0,1,0,0,0,1,0,0,1
722,48,0,1,0,0,1,0,0,0,1,0,0,1
723,36,0,1,0,0,1,0,0,0,1,0,0,1
724,29,0,1,0,0,1,0,0,0,1,0,0,1
725,52,0,1,0,0,0,1,0,0,0,1,0,0
726,24,0,1,0,0,1,1,0,0,0,1,0,0
727,44,0,0,0,0,0,1,0,0,0,0,0,1
728,55,0,0,0,0,0,1,0,0,0,0,0,1
729,47,0,0,0,0,1,1,0,0,0,0,0,1
730,23,0,0,0,0,1,1,0,0,0,0,0,1
731,37,0,0,0,0,1,1,0,0,0,0,0,1
732,47,0,0,0,0,0,1,0,0,0,0,0,1
733,33,0,1,1,0,1,0,0,0,1,0,0,1
734,22,0,1,0,0,1,0,0,0,1,0,0,1
735,42,0,1,0,0,0,0,0,0,1,0,0,1
736,36,0,1,0,0,0,0,0,0,1,0,0,1
737,36,0,1,0,0,1,1,0,0,0,1,0,0
738,42,0,1,0,0,0,1,0,0,0,1,0,0
739,26,1,1,0,0,1,1,0,0,0,0,0,1
740,39,1,1,0,0,1,1,0,0,0,0,0,1
741,46,1,1,0,0,1,1,0,0,0,0,0,1
742,43,1,1,0,0,0,1,0,0,0,0,0,1
743,43,0,1,0,0,1,1,0,0,0,1,0,0
744,40,0,1,0,0,1,1,0,0,0,1,0,0
745,31,0,1,0,0,1,1,0,0,0,1,0,0
746,43,0,1,0,0,0,1,0,0,0,1,0,0
747,30,0,1,0,0,1,1,0,0,0,0,0,1
748,42,0,1,0,0,1,1,0,0,0,0,0,1
749,21,0,1,0,0,1,1,0,0,0,0,0,1
750,35,0,1,0,0,1,1,0,0,0,0,0,1
751,29,0,1,0,0,1,1,0,0,0,0,0,1
752,44,0,1,0,0,1,1,0,0,0,0,0,1
753,44,0,1,0,0,0,1,0,0,0,0,0,1
754,42,0,1,0,0,1,1,0,0,0,0,0,1
755,37,0,1,0,0,0,1,0,0,0,0,0,1
756,35,0,1,0,0,1,1,0,0,0,0,0,1
757,43,0,1,0,0,0,1,0,0,0,0,0,1
758,24,0,1,0,0,1,1,0,0,0,0,0,1
759,44,0,1,0,0,1,1,0,0,0,0,0,1
760,29,0,1,0,0,1,0,0,0,1,0,0,1
761,41,0,1,0,0,1,0,0,0,1,0,0,1
762,42,0,1,1,0,1,0,0,0,1,0,0,1
763,33,0,1,0,0,0,0,0,0,1,0,0,1
764,26,0,1,0,0,1,0,0,0,1,0,0,1
765,20,0,1,0,0,1,0,0,0,1,0,0,1
766,34,0,1,0,0,1,1,0,0,0,0,0,1
767,28,0,1,0,0,1,1,0,0,0,0,0,1
768,28,0,1,0,0,1,1,0,0,0,0,0,1
769,26,0,1,0,0,1,1,0,0,0,0,0,1
770,33,0,0,0,0,1,0,0,0,1,0,0,1
771,40,0,0,0,0,1,0,0,0,1,0,0,1
772,39,0,0,0,0,0,0,0,0,1,0,0,1
773,34,0,0,0,0,1,0,0,0,1,0,0,1
774,43,0,0,0,0,1,0,0,0,1,0,0,1
775,22,0,1,0,0,1,1,0,0,0,0,0,1
776,23,0,1,0,0,1,1,0,0,0,0,0,1
777,33,0,1,0,0,0,1,0,0,0,0,0,1
778,46,0,1,0,0,0,1,0,0,0,0,0,1
779,43,0,1,0,0,1,1,0,0,0,0,0,1
780,21,0,1,0,0,1,1,0,0,0,0,0,1
781,51,0,1,0,0,1,0,0,0,1,0,0,1
782,49,0,1,0,0,0,0,0,0,1,0,0,1
783,20,0,1,0,0,1,0,0,0,1,0,0,1
784,23,0,1,0,0,1,0,0,0,1,1,0,0
785,22,0,1,0,0,1,0,0,0,1,1,0,0
786,37,0,1,0,0,1,0,0,0,1,1,0,0
787,33,0,1,0,0,1,0,0,0,1,1,0,0
788,19,0,1,0,0,1,0,0,0,1,1,0,0
789,52,0,1,0,0,1,1,0,0,0,0,0,1
790,23,0,1,0,0,1,1,0,0,0,0,0,1
791,29,0,1,0,0,1,1,0,0,0,0,0,1
792,22,0,0,0,0,1,0,1,0,0,0,0,1
793,36,0,0,1,1,0,0,1,0,0,0,0,1
794,43,0,0,0,0,1,0,1,0,0,0,0,1
795,39,1,0,0,0,1,0,0,1,0,1,0,0
796,44,1,0,0,0,0,0,0,1,0,1,0,0
797,53,1,0,0,0,1,0,0,1,0,1,0,0
798,42,1,0,0,0,1,0,0,1,0,1,0,0
799,36,1,0,0,0,1,0,0,1,0,1,0,0
800,53,1,0,0,0,1,1,0,0,0,0,0,1
801,48,1,0,0,0,1,1,0,0,0,0,0,1
802,42,1,0,0,0,1,1,0,0,0,0,0,1
803,28,1,0,0,0,1,1,0,0,0,0,0,1
804,51,0,1,0,0,1,0,0,0,1,0,0,1
805,18,0,1,0,0,1,0,0,0,1,0,0,1
806,25,0,1,0,0,1,0,0,0,1,0,0,1
807,29,1,1,0,0,1,1,0,0,0,1,0,0
808,20,0,0,0,0,1,0,1,0,0,0,0,1
809,28,0,0,0,0,1,0,1,0,0,0,0,1
810,38,0,0,0,0,1,0,1,0,0,0,0,1
811,37,0,0,0,0,1,0,1,0,0,0,0,1
812,25,0,0,0,0,1,0,1,0,0,0,0,1
813,57,0,0,1,0,0,0,1,0,0,0,0,1
814,41,0,1,0,0,1,0,0,0,1,0,0,1
815,22,0,1,0,0,1,0,0,0,1,0,0,1
816,22,0,1,0,0,1,0,0,0,1,0,0,1
817,47,0,1,0,0,1,0,0,0,1,0,0,1
818,26,0,1,0,0,1,0,0,0,1,0,0,1
819,38,0,1,0,0,1,0,0,0,1,0,0,1
820,45,0,1,0,0,1,0,0,0,1,0,0,1
821,25,0,1,0,0,1,0,0,0,1,0,0,1
822,27,0,1,0,0,1,0,0,0,1,0,0,1
823,40,0,1,0,0,0,0,0,0,1,0,0,1
824,41,0,1,0,0,1,0,0,0,1,0,0,1
825,41,0,0,0,0,1,0,1,0,0,0,0,1
826,40,0,0,0,0,1,0,1,0,0,0,0,1
827,34,0,0,0,0,1,0,1,0,0,0,0,1
828,27,0,0,0,0,1,0,1,0,0,0,0,1
829,28,1,0,0,0,1,1,0,0,0,0,0,1
830,45,1,0,0,0,1,1,0,0,0,0,0,1
831,36,1,1,0,0,1,1,0,0,0,1,0,0
832,41,1,1,0,0,1,1,0,0,0,1,0,0
833,23,1,1,0,0,1,1,0,0,0,1,0,0
834,43,0,1,0,0,0,1,0,0,0,0,0,1
835,21,0,1,0,0,1,1,0,0,0,0,0,1
836,30,0,1,0,0,1,1,0,0,0,0,0,1
837,38,0,1,0,0,1,1,0,0,0,0,0,1
838,35,0,1,0,0,1,1,0,0,0,0,0,1
839,31,0,1,0,0,1,1,0,0,0,0,0,1
840,47,1,1,0,0,1,0,0,1,0,0,0,1
841,42,1,1,0,0,1,0,0,1,0,0,0,1
842,48,1,1,0,0,1,0,0,1,0,0,0,1
843,42,1,1,0,0,0,0,0,1,0,0,0,1
844,28,1,1,0,0,1,0,0,1,0,0,0,1
845,26,0,0,0,0,1,0,1,0,0,0,0,1
846,37,0,0,0,0,1,0,1,0,0,0,0,1
847,26,0,0,1,0,1,0,1,0,0,0,0,1
848,45,0,1,0,0,0,1,0,0,0,0,0,1
849,28,0,1,0,0,1,1,0,0,0,0,0,1
850,35,0,0,0,0,1,0,1,0,0,0,0,1
851,53,0,0,1,0,1,0,1,0,0,0,0,1
852,25,0,0,0,0,1,0,1,0,0,0,0,1
853,42,0,1,0,0,0,0,0,0,1,0,0,1
854,42,0,1,0,0,0,0,0,0,1,0,0,1
855,24,0,1,0,0,1,0,0,0,1,0,0,1
856,40,0,1,0,0,0,0,0,0,1,0,0,1
857,32,0,0,0,0,1,1,0,0,0,0,0,1
858,39,0,0,0,0,1,1,0,0,0,0,0,1
859,42,0,0,0,0,1,1,0,0,0,0,0,1
860,23,0,0,0,0,1,0,1,0,0,0,0,1
861,23,0,0,0,0,1,0,1,0,0,0,0,1
862,36,0,0,0,0,1,0,1,0,0,0,0,1
863,20,0,0,0,0,1,0,1,0,0,0,0,1
864,39,0,0,0,0,1,0,1,0,0,0,0,1
865,44,0,0,0,0,0,0,1,0,0,0,0,1
866,48,0,1,0,0,0,0,0,0,1,0,0,1
867,25,0,1,0,0,1,0,0,0,1,0,0,1
868,38,1,1,0,0,1,0,0,0,1,0,0,1
869,33,1,1,0,0,0,0,0,0,1,0,0,1
870,43,1,1,0,0,1,0,0,0,1,0,0,1
871,33,1,1,0,0,0,0,0,1,0,1,0,0
872,33,1,1,0,0,1,0,0,1,0,1,0,0
873,20,0,0,0,0,1,0,1,0,0,0,0,1
874,20,0,0,0,0,1,0,1,0,0,0,0,1
875,27,0,0,0,0,1,0,1,0,0,0,0,1
876,24,0,1,0,0,1,0,0,0,1,0,0,1
877,46,0,1,0,0,0,0,0,0,1,0,0,1
878,30,0,1,0,0,1,0,0,0,1,1,0,0
879,49,0,1,0,0,1,0,0,0,1,1,0,0
880,24,0,1,0,0,1,0,0,0,1,1,0,0
881,38,0,1,1,0,1,0,0,0,1,1,0,0
882,46,0,1,0,0,1,0,0,0,1,0,0,1
883,48,0,1,0,0,0,0,0,0,1,0,0,1
884,46,0,1,0,0,0,0,0,0,1,0,0,1
885,23,0,1,0,0,1,0,0,0,1,0,0,1
886,31,0,0,0,0,1,1,0,0,0,0,0,1
887,36,0,0,0,0,1,1,0,0,0,0,0,1
888,22,0,0,0,0,1,1,0,0,0,0,0,1
889,45,0,0,0,0,1,1,0,0,0,0,0,1
890,31,0,1,0,0,1,1,0,0,0,0,0,1
891,43,0,1,0,0,1,1,0,0,0,0,0,1
892,25,0,1,0,0,1,0,0,0,1,0,0,1
893,39,1,1,0,0,1,1,0,0,0,1,0,0
894,23,1,1,0,0,1,1,0,0,0,1,0,0
895,43,1,1,0,0,1,1,0,0,0,1,0,0
896,49,1,1,0,0,1,1,0,0,0,1,0,0
897,26,0,1,0,0,1,1,0,0,0,0,0,1
898,35,0,1,1,0,0,0,0,0,1,1,0,0
899,36,0,1,0,0,0,0,0,0,1,1,0,0
900,39,0,1,1,0,1,0,0,0,1,1,0,0
901,27,1,1,0,0,1,0,0,1,0,0,0,1
902,32,0,0,0,0,1,1,0,0,0,1,0,0
903,25,0,0,0,0,1,1,0,0,0,1,0,0
904,19,0,0,0,0,1,1,0,0,0,1,0,0
905,40,0,1,0,0,1,1,0,0,0,1,0,0
906,28,0,1,0,0,0,1,0,0,0,1,0,0
907,42,0,1,0,0,1,1,0,0,0,1,0,0
908,49,0,1,0,0,1,1,0,0,0,1,0,0
909,30,0,1,0,0,1,1,0,0,0,1,0,0
910,43,0,0,0,0,0,0,1,0,0,0,0,1
911,18,0,0,0,0,1,0,1,0,0,0,0,1
912,37,0,0,0,0,1,0,1,0,0,0,0,1
913,50,0,1,0,0,0,1,0,0,0,0,0,1
914,19,0,1,0,0,0,1,0,0,0,0,0,1
915,42,0,1,0,0,1,1,0,0,0,0,0,1
916,28,0,1,0,0,1,1,0,0,0,0,0,1
917,26,0,1,0,0,1,1,0,0,0,0,0,1
918,47,1,1,0,0,0,1,0,0,0,1,0,0
919,28,1,1,0,0,1,1,0,0,0,1,0,0
920,41,1,1,0,0,1,1,0,0,0,1,0,0
921,36,1,1,0,0,1,1,0,0,0,1,0,0
922,43,1,1,1,0,1,1,0,0,0,1,0,0
923,35,1,1,1,0,1,1,0,0,0,1,0,0
924,30,0,0,0,0,1,0,1,0,0,0,0,1
925,38,0,0,0,0,1,0,1,0,0,0,0,1
926,50,0,0,0,0,1,0,1,0,0,0,0,1
927,23,0,1,0,0,1,1,0,0,0,1,0,0
928,48,0,1,0,0,1,1,0,0,0,1,0,0
929,43,0,1,0,0,1,1,0,0,0,1,0,0
930,22,0,1,0,0,1,0,0,0,1,0,0,1
931,38,0,1,0,0,1,0,0,0,1,0,0,1
932,32,0,0,0,0,1,0,1,0,0,0,0,1
933,23,0,0,0,0,1,0,1,0,0,0,0,1
934,19,0,0,0,0,1,0,1,0,0,0,0,1
935,27,0,0,0,0,1,0,1,0,0,0,0,1
936,44,0,1,0,0,1,0,0,0,1,0,0,1
937,54,0,1,0,0,1,0,0,0,1,0,0,1
938,21,0,1,0,0,1,0,0,0,1,0,0,1
939,23,0,1,0,0,1,1,0,0,0,1,0,0
940,26,0,1,0,0,1,1,0,0,0,0,0,1
941,29,0,1,0,0,1,1,0,0,0,0,0,1
942,52,0,1,0,0,0,1,0,0,0,0,0,1
943,24,0,1,1,0,1,1,0,0,0,0,0,1
944,30,0,0,0,0,1,1,0,0,0,1,0,0
945,32,0,0,0,0,1,1,0,0,0,1,0,0
946,33,0,0,0,0,1,1,0,0,0,1,0,0
947,26,0,0,0,0,1,1,0,0,0,1,0,0
948,33,0,0,0,0,1,1,0,0,0,1,0,0
949,19,0,0,0,0,1,0,1,0,0,0,0,1
950,44,0,0,0,0,1,0,1,0,0,0,0,1
951,39,0,0,0,0,1,0,1,0,0,0,0,1
952,41,0,1,0,0,1,1,0,0,0,1,0,0
953,39,0,1,0,0,1,1,0,0,0,1,0,0
954,41,0,1,0,0,0,1,0,0,0,1,0,0
955,22,1,1,0,0,1,0,0,1,0,1,0,0
956,23,1,1,0,0,1,0,0,1,0,1,0,0
957,45,1,1,0,0,0,0,0,1,0,1,0,0
958,43,1,1,0,0,0,0,0,1,0,1,0,0
959,47,1,1,0,0,0,0,0,1,0,1,0,0
960,44,1,1,0,0,0,0,0,1,0,1,0,0
961,31,0,1,0,0,1,0,0,1,0,1,0,0
962,24,0,1,0,0,1,0,0,1,0,1,0,0
963,46,0,1,0,0,0,0,0,1,0,1,0,0
964,21,0,1,0,0,1,0,0,0,1,0,0,1
965,42,0,1,0,0,0,0,0,0,1,0,0,1
966,40,0,1,1,1,0,0,0,0,1,0,0,1
967,25,0,1,0,0,1,0,0,0,1,0,0,1
968,42,0,1,0,0,1,0,0,0,1,1,0,0
969,48,0,1,1,0,0,0,0,0,1,1,0,0
970,31,0,1,1,1,0,0,0,0,1,1,0,0
971,26,0,1,1,0,1,0,0,0,1,1,0,0
972,30,0,1,0,0,1,0,0,0,1,1,0,0
973,39,0,1,0,0,1,0,0,0,1,1,0,0
974,44,0,1,0,0,0,0,0,0,1,1,0,0
975,40,0,1,0,0,1,0,0,0,1,1,0,0
976,34,0,0,0,0,1,0,0,0,1,1,0,0
977,39,0,0,0,0,1,0,0,0,1,1,0,0
978,51,0,0,0,0,0,0,0,0,1,1,0,0
979,34,0,0,0,0,1,0,0,0,1,1,0,0
980,52,0,0,0,0,1,0,0,0,1,1,0,0
981,37,0,0,0,0,0,0,0,0,1,1,0,0
982,24,0,1,0,0,1,1,0,0,0,0,0,1
983,40,0,1,0,0,1,1,0,0,0,0,0,1
984,19,0,1,0,0,1,1,0,0,0,0,0,1
985,45,0,1,0,0,0,1,0,0,0,0,0,1
986,38,0,1,0,0,1,1,0,0,0,0,0,1
987,48,0,1,0,0,0,1,0,0,0,0,0,1
988,29,0,1,0,0,1,1,0,0,0,0,0,1
989,28,0,1,0,0,0,1,0,0,0,0,0,1
990,34,0,1,0,0,1,1,0,0,0,0,0,1
991,31,0,1,0,0,1,1,0,0,0,0,0,1
992,30,0,0,0,0,1,1,0,0,0,1,0,0
993,48,0,0,0,0,1,1,0,0,0,1,0,0
994,27,0,0,0,0,1,1,0,0,0,1,0,0
995,43,0,1,0,0,1,0,0,0,1,0,0,1
996,32,0,1,0,0,1,0,0,0,1,0,0,1
997,29,0,1,0,0,1,0,0,0,1,0,0,1
998,31,0,1,0,0,1,0,0,0,1,0,1,0
999,43,0,1,0,0,1,0,0,0,1,0,1,0
1000,40,0,1,0,0,1,0,0,0,1,0,1,0
1001,30,0,1,0,0,1,1,0,0,0,0,0,1
1002,41,0,1,0,0,1,1,0,0,0,0,0,1
1003,50,0,1,0,0,1,1,0,0,0,0,0,1
1004,22,0,1,0,0,1,1,0,0,0,0,0,1
1005,33,0,1,1,0,1,1,0,0,0,0,0,1
1006,38,0,0,0,0,1,0,1,0,0,0,0,1
1007,36,0,1,0,0,1,1,0,0,0,0,1,0
1008,43,0,1,0,0,0,1,0,0,0,0,1,0
1009,50,0,1,0,0,1,1,0,0,0,0,1,0
1010,54,0,1,0,0,0,1,0,0,0,0,1,0
1011,23,0,1,0,0,1,1,0,0,0,0,1,0
1012,24,0,1,0,0,1,1,0,0,0,0,1,0
1013,35,0,1,1,0,1,1,0,0,0,0,1,0
1014,24,0,0,0,0,1,0,0,0,1,0,0,1
1015,47,0,0,0,0,1,0,0,0,1,0,0,1
1016,44,0,0,0,0,1,0,0,0,1,0,0,1
1017,39,0,0,0,0,1,0,0,0,1,0,0,1
1018,28,0,0,0,0,1,0,0,0,1,0,0,1
1019,51,0,1,0,0,1,1,0,0,0,0,0,1
1020,27,0,1,0,0,1,1,0,0,0,0,0,1
1021,39,0,1,0,0,1,1,0,0,0,0,0,1
1022,26,0,1,0,0,1,1,0,0,0,0,0,1
1023,22,0,1,0,0,1,0,0,0,1,0,0,1
1024,46,0,1,0,0,1,0,0,0,1,0,0,1
1025,34,0,1,0,0,1,0,0,0,1,0,0,1
1026,27,0,1,0,0,1,0,0,0,1,0,0,1
1027,42,0,1,0,0,1,0,0,0,1,0,0,1
1028,46,0,1,0,0,1,0,0,0,1,0,0,1
1029,44,1,0,0,0,1,0,0,0,1,0,0,1
1030,49,0,1,0,0,1,1,0,0,0,0,0,1
1031,40,0,1,0,0,1,1,0,0,0,0,0,1
1032,55,0,1,1,0,0,1,0,0,0,0,0,1
1033,29,0,1,0,0,1,0,0,0,1,0,0,1
1034,31,0,1,0,0,1,0,0,0,1,0,0,1
1035,19,0,1,0,0,1,0,0,0,1,0,0,1
1036,20,0,1,0,0,1,0,0,0,1,0,0,1
1037,22,0,1,0,0,1,0,0,0,1,0,0,1
1038,46,0,1,0,0,1,0,0,0,1,0,0,1
1039,45,0,1,1,1,1,0,0,0,1,0,0,1
1040,33,0,0,0,0,0,1,0,0,0,0,1,0
1041,37,0,0,0,0,1,1,0,0,0,0,1,0
1042,31,0,0,0,0,1,1,0,0,0,0,1,0
1043,22,1,1,0,0,1,0,0,0,1,0,0,1
1044,29,1,1,0,0,1,0,0,0,1,0,0,1
1045,28,1,1,0,0,1,0,0,0,1,0,0,1
1046,24,1,1,0,0,1,0,0,0,1,0,0,1
1047,26,1,1,0,0,1,0,0,0,1,0,0,1
1048,37,0,0,0,0,1,1,0,0,0,0,0,1
1049,25,0,0,0,0,1,1,0,0,0,0,0,1
1050,33,0,0,0,0,1,1,0,0,0,0,0,1
1051,49,0,1,0,0,1,1,0,0,0,0,0,1
1052,34,0,1,0,0,1,1,0,0,0,0,0,1
1053,33,0,1,0,0,1,1,0,0,0,0,0,1
1054,47,0,1,0,0,1,1,0,0,0,0,0,1
1055,47,0,1,0,0,1,1,0,0,0,0,0,1
1056,50,0,1,0,0,1,1,0,0,0,0,0,1
1057,23,0,1,0,0,1,1,0,0,0,0,0,1
1058,37,0,0,0,0,1,0,1,0,0,0,0,1
1059,45,0,0,0,0,0,0,1,0,0,0,0,1
1060,51,0,0,0,0,0,0,1,0,0,0,0,1
1061,54,0,0,0,0,1,0,1,0,0,0,0,1
1062,44,0,0,0,0,1,1,0,0,0,0,0,1
1063,35,0,0,0,0,1,1,0,0,0,0,0,1
1064,56,0,0,0,0,1,1,0,0,0,0,0,1
1065,45,0,0,0,0,0,1,0,0,0,0,0,1
1066,20,0,0,0,0,1,1,0,0,0,0,0,1
1067,40,0,0,0,0,1,1,0,0,0,0,0,1
1068,21,0,0,0,0,1,1,0,0,0,0,0,1
1069,22,0,1,0,0,1,0,0,1,0,0,0,1
1070,52,0,1,0,0,1,0,0,1,0,0,0,1
1071,46,0,1,0,0,1,0,0,1,0,0,0,1
1072,29,0,0,0,0,1,0,1,0,0,0,0,1
1073,41,0,0,0,0,1,0,1,0,0,0,0,1
1074,23,0,0,0,0,1,0,1,0,0,0,0,1
1075,48,0,0,0,0,1,0,1,0,0,0,0,1
1076,27,0,1,0,0,1,0,0,0,1,0,1,0
1077,48,0,1,0,0,0,0,0,0,1,0,1,0
1078,44,0,1,0,0,1,0,0,0,1,0,1,0
1079,20,0,1,0,0,1,0,0,0,1,0,0,1
1080,51,0,1,0,0,1,0,0,0,1,0,0,1
1081,30,0,1,0,0,1,0,1,0,0,0,0,1
1082,39,0,1,0,0,1,0,1,0,0,0,0,1
1083,30,0,0,0,0,1,1,0,0,0,0,0,1
1084,35,0,0,0,0,1,0,1,0,0,0,0,1
1085,43,0,0,0,0,0,0,1,0,0,0,0,1
1086,29,0,0,0,0,1,0,1,0,0,0,0,1
1087,28,0,0,1,0,1,0,1,0,0,0,0,1
1088,37,0,1,0,0,1,0,0,0,1,0,1,0
1089,53,0,1,0,0,0,0,0,0,1,0,1,0
1090,38,0,1,0,0,0,1,0,0,0,0,1,0
1091,41,0,1,0,0,1,1,0,0,0,0,1,0
1092,47,0,1,0,0,0,1,0,0,0,0,1,0
1093,28,0,1,0,0,1,1,0,0,0,0,1,0
1094,35,0,1,0,0,1,1,0,0,0,0,1,0
1095,20,0,1,0,0,1,1,0,0,0,0,1,0
1096,47,0,1,1,0,1,1,0,0,0,0,1,0
1097,31,0,1,0,0,1,0,0,0,1,0,1,0
1098,22,0,1,0,0,1,0,0,0,1,0,1,0
1099,40,0,1,0,0,1,0,0,0,1,0,1,0
1100,26,0,1,0,0,1,0,0,0,1,0,1,0
1101,39,0,1,1,0,1,0,0,0,1,0,1,0
1102,57,0,1,0,0,1,1,0,0,0,0,1,0
1103,27,0,1,0,0,1,1,0,0,0,0,1,0
1104,19,0,1,0,0,1,0,0,0,1,0,0,1
1105,25,0,1,0,0,1,0,0,0,1,0,0,1
1106,30,0,1,0,0,1,0,0,0,1,0,0,1
1107,45,0,1,0,0,1,0,0,0,1,0,0,1
1108,34,0,1,0,0,1,0,0,0,1,0,0,1
1109,42,0,0,0,0,1,0,1,0,0,0,0,1
1110,43,0,0,0,0,1,0,1,0,0,0,0,1
1111,23,0,0,0,0,1,0,1,0,0,0,0,1
1112,53,0,0,0,0,0,0,1,0,0,0,0,1
1113,30,0,0,1,0,1,0,0,1,0,0,0,1
1114,37,0,0,0,0,1,0,0,1,0,0,0,1
1115,49,0,0,0,0,1,0,0,1,0,0,0,1
1116,53,0,0,0,0,0,0,0,1,0,0,0,1
1117,42,0,0,0,0,1,0,0,1,0,0,0,1
1118,21,0,0,0,0,1,0,0,1,0,0,0,1
1119,36,0,0,0,0,1,0,0,1,0,0,0,1
1120,52,0,0,1,0,1,0,0,1,0,0,0,1
1121,25,0,0,1,1,1,0,0,1,0,0,0,1
1122,29,0,0,0,0,1,0,1,0,0,0,0,1
1123,44,0,0,0,0,0,0,1,0,0,0,0,1
1124,24,0,0,0,0,1,0,1,0,0,0,0,1
1125,44,0,1,0,0,1,0,0,0,1,0,0,1
1126,24,0,1,0,0,0,0,0,0,1,0,0,1
1127,33,0,1,0,0,1,0,0,0,1,0,0,1
1128,37,0,0,0,0,0,0,1,0,0,0,0,1
1129,21,0,0,0,0,1,0,1,0,0,0,0,1
1130,27,0,0,0,0,1,0,1,0,0,0,0,1
1131,37,0,0,0,0,1,0,1,0,0,0,0,1
1132,46,0,0,0,0,0,0,1,0,0,0,0,1
1133,49,0,0,0,0,1,0,1,0,0,0,0,1
1134,41,0,0,0,0,0,0,1,0,0,0,0,1
1135,37,0,0,0,0,1,0,1,0,0,0,0,1
1136,46,0,0,0,0,1,0,1,0,0,0,0,1
1137,36,0,0,0,0,1,0,1,0,0,0,0,1
1138,29,0,0,0,0,1,0,1,0,0,0,0,1
1139,22,0,1,0,0,1,1,0,0,0,0,0,1
1140,43,0,1,0,0,1,1,0,0,0,0,0,1
1141,31,0,1,0,0,1,1,0,0,0,0,0,1
1142,41,0,1,0,0,1,0,0,0,1,0,0,1
1143,39,0,1,0,0,1,0,0,0,1,0,0,1
1144,30,0,1,0,0,1,0,0,0,1,0,0,1
1145,42,0,1,0,0,0,0,0,0,1,0,0,1
1146,24,0,1,0,0,1,0,0,0,1,0,0,1
1147,22,0,1,0,0,1,0,0,0,1,0,0,1
1148,47,0,1,0,0,1,0,0,0,1,0,0,1
1149,21,0,1,0,0,1,0,0,0,1,0,1,0
1150,37,0,1,0,0,1,0,0,0,1,0,1,0
1151,40,0,1,0,0,1,0,0,0,1,0,1,0
1152,40,0,1,0,0,1,0,0,0,1,0,1,0
1153,36,0,0,0,0,1,0,0,0,1,0,0,1
1154,35,0,0,0,0,0,0,0,0,1,0,0,1
1155,28,0,0,0,0,1,0,0,0,1,0,0,1
1156,33,0,0,0,0,1,0,0,0,1,0,0,1
1157,33,0,0,0,0,1,0,0,0,1,0,0,1
1158,37,0,1,0,0,0,0,0,0,1,0,0,1
1159,29,0,1,1,0,1,0,0,0,1,0,0,1
1160,42,0,1,0,0,1,0,0,0,1,0,0,1
1161,53,0,1,0,0,0,0,0,0,1,0,0,1
1162,49,0,1,0,0,0,0,0,0,1,0,0,1
1163,33,0,1,1,0,1,0,0,0,1,0,0,1
1164,24,0,1,0,0,1,0,0,0,1,0,0,1
1165,50,0,1,0,0,0,0,0,0,1,0,0,1
1166,49,0,1,0,0,1,0,0,0,1,0,0,1
1167,48,0,1,0,0,0,0,0,0,1,0,1,0
1168,38,0,1,0,0,1,0,0,0,1,0,1,0
1169,44,0,1,0,0,1,0,0,0,1,0,1,0
1170,46,0,1,0,0,1,0,0,0,1,0,1,0
1171,36,0,1,0,0,1,0,0,0,1,0,1,0
1172,51,1,1,0,0,0,1,0,0,0,0,1,0
1173,26,1,1,0,0,1,1,0,0,0,0,1,0
1174,44,1,1,0,0,0,1,0,0,0,0,1,0
1175,20,0,1,0,0,1,0,0,0,1,0,0,1
1176,41,0,1,0,0,1,0,0,0,1,0,0,1
1177,26,0,0,0,0,1,1,0,0,0,0,0,1
1178,34,0,0,0,0,1,1,0,0,0,0,0,1
1179,22,0,0,0,0,1,1,0,0,0,0,0,1
1180,51,0,0,0,0,0,1,0,0,0,0,0,1
1181,35,1,1,0,0,0,0,0,0,1,0,0,1
1182,48,1,1,0,0,1,1,0,0,0,0,0,1
1183,50,1,1,0,0,0,1,0,0,0,0,0,1
1184,29,1,1,0,0,1,1,0,0,0,0,0,1
1185,20,1,1,0,0,1,1,0,0,0,0,0,1
1186,26,0,1,0,0,1,1,0,0,0,0,0,1
1187,23,0,1,0,0,1,1,0,0,0,0,0,1
1188,30,0,1,0,0,0,1,0,0,0,0,0,1
1189,24,0,0,0,0,1,0,1,0,0,0,0,1
1190,53,0,0,0,0,1,0,1,0,0,0,0,1
1191,31,0,0,0,0,1,0,1,0,0,0,0,1
1192,39,0,0,0,0,0,0,1,0,0,0,0,1
1193,38,0,1,0,0,1,0,0,0,1,0,0,1
1194,29,0,1,0,0,1,0,0,0,1,0,0,1
1195,48,0,1,0,0,0,0,0,0,1,0,0,1
1196,23,0,1,0,0,1,0,0,0,1,0,0,1
1197,46,0,1,0,0,0,0,0,0,1,0,0,1
1198,46,0,0,0,0,1,1,0,0,0,0,0,1
1199,29,0,0,0,0,1,1,0,0,0,0,0,1
1200,32,0,1,0,0,1,1,0,0,0,0,0,1
1201,23,0,1,0,0,1,1,0,0,0,0,0,1
1202,46,0,1,1,0,1,1,0,0,0,0,0,1
1203,55,0,1,0,0,0,1,0,0,0,0,0,1
1204,28,0,1,0,0,1,1,0,0,0,0,0,1
1205,53,0,1,0,0,1,1,0,0,0,0,0,1
1206,23,0,1,0,0,1,1,0,0,0,0,0,1
1207,38,0,1,0,0,1,1,0,0,0,0,0,1
1208,37,0,1,0,0,1,0,0,0,1,0,0,1
1209,41,0,1,0,0,1,0,0,0,1,0,0,1
1210,53,0,1,0,0,1,0,0,0,1,0,0,1
1211,34,0,0,0,0,1,1,0,0,0,0,0,1
1212,38,0,0,0,0,1,1,0,0,0,0,0,1
1213,26,0,0,0,0,1,1,0,0,0,0,0,1
1214,38,0,0,0,0,1,0,1,0,0,0,0,1
1215,43,0,0,0,0,1,0,1,0,0,0,0,1
1216,41,0,0,0,0,1,0,1,0,0,0,0,1
1217,42,0,0,0,0,1,0,1,0,0,0,0,1
1218,31,0,1,0,0,1,1,0,0,0,0,0,1
1219,38,0,1,0,0,1,1,0,0,0,0,0,1
1220,41,0,1,0,0,1,1,0,0,0,0,0,1
1221,34,0,1,0,0,1,1,0,0,0,0,0,1
1222,32,0,0,0,0,1,0,1,0,0,0,0,1
1223,24,0,0,0,0,1,0,1,0,0,0,0,1
1224,34,0,0,0,0,1,0,1,0,0,0,0,1
1225,33,0,0,0,0,1,0,1,0,0,0,0,1
1226,39,1,0,0,0,1,0,0,0,1,0,0,1
1227,37,1,0,0,0,1,0,0,0,1,0,0,1
1228,54,1,0,0,0,0,0,0,0,1,0,0,1
1229,30,1,0,0,0,1,0,0,0,1,0,0,1
1230,27,1,0,0,0,1,0,0,0,1,0,0,1
1231,38,1,0,0,0,1,0,0,0,1,0,0,1
1232,29,1,0,0,0,1,0,0,0,1,0,0,1
1233,38,0,1,0,0,1,0,0,0,1,0,0,1
1234,57,0,1,0,0,0,0,0,0,1,0,0,1
1235,26,0,1,0,0,1,0,0,0,1,0,0,1
1236,49,0,1,0,0,1,0,0,0,1,0,0,1
1237,23,0,1,0,0,1,0,0,0,1,0,0,1
1238,35,0,1,0,0,1,0,0,0,1,0,0,1
1239,50,0,1,0,0,1,0,0,0,1,0,0,1
1240,48,0,1,1,0,1,0,0,0,1,0,0,1
1241,36,0,1,0,0,1,0,0,0,1,0,0,1
1242,39,0,1,0,0,1,0,0,0,1,0,0,1
1243,32,0,1,0,0,1,0,0,0,1,0,0,1
1244,33,0,1,0,0,1,0,0,0,1,0,0,1
1245,47,0,1,0,0,0,0,0,0,1,0,0,1
1246,49,0,1,0,0,1,0,0,0,1,0,0,1
1247,27,0,1,0,0,1,0,0,0,1,0,0,1
1248,58,0,1,0,0,1,0,0,0,1,0,0,1
1249,23,0,1,0,0,1,0,0,0,1,0,0,1
1250,48,0,1,0,0,1,0,0,0,1,0,0,1
1251,29,0,1,0,0,1,0,0,0,1,0,0,1
1252,21,0,1,0,0,1,0,0,0,1,0,0,1
1253,53,0,1,0,0,0,0,0,0,1,0,0,1
1254,43,0,1,0,0,1,0,0,0,1,0,0,1
1255,46,0,1,0,0,0,0,0,0,1,0,0,1
1256,33,0,1,0,0,1,0,0,0,1,0,0,1
1257,37,0,1,0,0,1,0,0,0,1,0,0,1
1258,41,0,1,0,0,1,0,0,0,1,0,0,1
1259,48,0,1,0,0,1,0,0,0,1,0,0,1
1260,34,0,1,0,0,0,0,0,0,1,0,0,1
1261,39,0,1,0,0,0,0,0,0,1,0,0,1
1262,48,0,1,0,0,1,0,0,0,1,0,0,1
1263,43,0,0,0,0,1,1,0,0,0,0,0,1
1264,29,0,0,0,0,0,1,0,0,0,0,0,1
1265,43,0,0,0,0,1,1,0,0,0,0,0,1
1266,23,0,0,0,0,1,1,0,0,0,0,0,1
1267,48,0,0,0,0,1,1,0,0,0,0,0,1
1268,53,0,1,0,0,1,0,0,0,1,0,1,0
1269,27,0,1,0,0,1,0,0,0,1,0,1,0
1270,52,0,1,0,0,1,1,0,0,0,0,0,1
1271,36,0,1,0,0,1,1,0,0,0,0,0,1
1272,48,0,1,0,0,1,1,0,0,0,0,0,1
1273,45,0,1,0,0,1,1,0,0,0,0,0,1
1274,37,0,1,0,0,1,1,0,0,0,0,0,1
1275,53,0,1,0,0,1,1,0,0,0,0,0,1
1276,28,0,1,0,0,1,0,0,0,1,0,0,1
1277,48,0,1,0,0,1,0,0,0,1,0,0,1
1278,37,0,1,0,0,0,0,0,0,1,0,0,1
1279,33,0,0,0,0,1,1,0,0,0,0,0,1
1280,36,0,0,0,0,1,1,0,0,0,0,0,1
1281,19,0,1,0,0,1,0,0,0,1,0,0,1
1282,22,0,1,0,0,1,0,0,0,1,0,0,1
1283,30,0,1,0,0,1,0,0,0,1,0,0,1
1284,37,0,1,0,0,1,0,0,0,1,0,0,1
1285,60,0,1,0,0,0,1,0,0,0,0,1,0
1286,62,0,1,1,0,0,1,0,0,0,0,1,0
1287,29,0,1,1,0,1,1,0,0,0,0,1,0
1288,52,1,1,0,0,1,1,0,0,0,0,0,1
1289,32,1,1,0,0,1,1,0,0,0,0,0,1
1290,51,0,0,0,0,1,1,0,0,0,0,0,1
1291,22,0,0,0,0,1,1,0,0,0,0,0,1
1292,28,0,0,1,0,1,1,0,0,0,0,0,1
1293,34,1,1,0,0,1,0,0,0,1,0,0,1
1294,31,1,1,1,1,1,0,0,0,1,0,0,1
1295,48,1,1,1,0,0,0,0,0,1,0,0,1
1296,50,1,1,0,0,1,0,0,0,1,0,0,1
1297,41,1,1,0,0,1,0,0,0,1,0,0,1
1298,29,0,0,0,0,1,0,1,0,0,0,0,1
1299,23,0,0,0,0,1,0,1,0,0,0,0,1
1300,47,0,0,1,0,1,0,1,0,0,0,0,1
1301,39,0,0,0,0,1,0,1,0,0,0,0,1
1302,22,0,0,0,0,1,0,1,0,0,0,0,1
1303,51,0,1,0,0,1,0,0,1,0,0,0,1
1304,20,0,1,0,0,1,0,0,1,0,0,0,1
1305,31,0,1,0,0,0,0,0,1,0,0,0,1
1306,22,1,1,0,0,1,0,0,1,0,0,0,1
1307,47,1,1,0,0,0,0,0,1,0,0,0,1
1308,49,1,1,0,0,0,0,0,1,0,0,0,1
1309,34,1,1,0,0,1,0,0,1,0,0,0,1
1310,42,1,1,0,0,0,0,0,1,0,0,0,1
1311,28,1,1,0,0,1,0,0,1,0,0,0,1
1312,38,0,0,0,0,0,0,1,0,0,0,0,1
1313,50,0,0,0,0,1,0,1,0,0,0,0,1
1314,30,0,0,0,0,1,0,1,0,0,0,0,1
1315,28,0,0,0,0,1,0,1,0,0,0,0,1
1316,31,0,0,0,0,1,0,1,0,0,0,0,1
1317,33,0,1,0,0,1,1,0,0,0,0,0,1
1318,29,0,1,0,0,1,1,0,0,0,0,0,1
1319,33,0,1,0,0,1,0,0,0,1,0,0,1
1320,51,0,1,0,0,1,0,0,0,1,0,0,1
1321,46,0,1,0,0,1,0,0,0,1,0,1,0
1322,31,0,1,0,0,1,0,0,0,1,0,1,0
1323,22,0,1,0,0,1,0,0,0,1,0,1,0
1324,29,0,1,0,0,1,0,0,0,1,0,1,0
1325,37,0,1,0,0,1,0,0,0,1,0,1,0
1326,47,0,1,1,1,1,0,0,0,1,0,0,1
1327,24,0,1,0,0,1,0,0,0,1,0,0,1
1328,26,0,1,0,0,1,0,0,0,1,0,0,1
1329,27,0,0,0,0,1,1,0,0,0,0,0,1
1330,33,0,0,0,0,1,1,0,0,0,0,0,1
1331,50,0,0,0,0,0,1,0,0,0,0,0,1
1332,43,0,0,0,0,1,1,0,0,0,0,0,1
1333,44,0,0,0,0,1,1,0,0,0,0,0,1
1334,27,1,0,0,0,1,0,0,0,1,0,0,1
1335,37,1,0,0,0,1,0,0,0,1,0,0,1
1336,38,1,0,0,0,0,0,0,0,1,0,0,1
1337,42,1,0,0,0,1,0,0,0,1,0,0,1
1338,33,1,0,0,0,1,0,0,0,1,0,0,1
1339,60,0,0,0,0,0,0,1,0,0,0,0,1
1340,28,0,0,0,0,1,0,1,0,0,0,0,1
1341,38,0,0,0,0,1,0,1,0,0,0,0,1
1342,42,0,0,0,0,1,0,1,0,0,0,0,1
1343,28,0,0,0,0,1,0,1,0,0,0,0,1
1344,40,0,1,0,0,1,0,0,0,1,0,0,1
1345,32,0,1,0,0,1,0,0,0,1,0,0,1
1346,34,0,1,0,0,1,0,0,0,1,0,0,1
1347,53,0,1,0,0,1,0,0,0,1,0,0,1
1348,44,0,1,0,0,1,0,0,0,1,0,0,1
1349,37,0,1,0,0,1,0,0,0,1,0,0,1
1350,25,0,1,0,0,1,0,0,0,1,0,0,1
1351,44,0,1,0,0,1,0,0,0,1,0,0,1
1352,50,0,1,0,0,1,0,0,0,1,0,0,1
1353,43,0,1,0,0,0,0,0,0,1,0,0,1
1354,42,0,1,0,0,1,0,0,0,1,0,0,1
1355,32,0,1,0,0,1,0,0,0,1,0,0,1
1356,46,0,1,0,0,0,0,0,0,1,0,0,1
1357,46,0,1,0,0,1,0,0,0,1,0,0,1
1358,42,0,1,0,0,1,0,0,0,1,0,0,1
1359,23,0,0,0,0,1,0,1,0,0,0,0,1
1360,23,0,1,0,0,1,0,0,0,1,0,1,0
1361,34,0,1,0,0,1,0,0,0,1,0,1,0
1362,35,0,1,1,0,0,0,0,0,1,0,1,0
1363,35,0,1,1,1,0,0,0,0,1,0,1,0
1364,25,0,1,0,0,1,0,0,0,1,0,1,0
1365,30,0,1,0,0,1,0,0,0,1,0,1,0
1366,46,0,0,0,0,1,0,1,0,0,0,0,1
1367,46,0,0,0,0,1,0,1,0,0,0,0,1
1368,39,0,0,0,0,1,1,0,0,0,0,0,1
1369,33,0,0,0,0,1,0,1,0,0,0,0,1
1370,39,0,0,0,0,1,0,1,0,0,0,0,1
1371,43,0,0,0,0,1,0,1,0,0,0,0,1
1372,39,0,1,0,0,1,0,0,0,1,0,0,1
1373,40,0,1,0,0,1,0,0,0,1,0,0,1
1374,20,0,0,0,0,1,1,0,0,0,0,0,1
1375,31,0,1,0,0,0,0,0,0,1,0,0,1
1376,50,0,1,0,0,0,0,0,0,1,0,0,1
1377,39,0,1,0,0,0,0,0,0,1,0,0,1
1378,27,0,1,0,0,1,0,0,0,1,0,0,1
1379,50,0,0,0,0,0,0,0,0,1,0,0,1
1380,45,0,0,0,0,1,0,0,0,1,0,0,1
1381,50,0,0,0,0,1,0,0,0,1,0,0,1
1382,35,0,0,0,0,1,0,0,0,1,0,0,1
1383,40,0,0,0,0,1,0,0,0,1,0,0,1
1384,37,0,1,0,0,1,0,0,0,1,0,0,1
1385,50,0,1,0,0,0,0,0,0,1,0,0,1
1386,27,0,1,0,0,1,0,0,0,1,0,0,1
1387,28,1,0,0,0,1,0,0,1,0,0,0,1
1388,22,1,0,0,0,1,0,0,1,0,0,0,1
1389,54,1,0,0,0,0,0,0,1,0,0,0,1
1390,25,1,0,0,0,1,0,0,1,0,0,0,1
1391,39,1,0,0,0,1,0,0,1,0,0,0,1
1392,22,1,0,0,0,1,0,0,1,0,0,0,1
1393,29,1,0,0,0,1,0,0,1,0,0,0,1
1394,37,0,1,0,0,1,1,0,0,0,0,0,1
1395,32,0,1,0,0,0,1,0,0,0,0,0,1
1396,27,0,1,0,0,1,1,0,0,0,0,0,1
1397,49,0,1,0,0,0,1,0,0,0,0,0,1
1398,30,0,1,0,0,1,1,0,0,0,0,0,1
1399,25,0,1,0,0,1,1,0,0,0,0,0,1
1400,43,0,1,0,0,1,1,0,0,0,0,1,0
1401,43,0,1,0,0,1,1,0,0,0,0,1,0
1402,33,0,1,0,0,1,1,0,0,0,0,1,0
1403,49,0,1,0,0,1,1,0,0,0,0,1,0
1404,20,0,0,0,0,1,0,1,0,0,0,0,1
1405,44,0,0,0,0,1,0,1,0,0,0,0,1
1406,37,0,0,0,0,1,0,1,0,0,0,0,1
1407,51,0,0,0,0,1,0,1,0,0,0,0,1
1408,54,0,0,0,0,0,0,1,0,0,0,0,1
1409,22,1,1,0,0,1,0,0,1,0,0,0,1
1410,27,1,1,0,0,1,0,0,1,0,0,0,1
1411,48,1,1,0,0,0,0,0,1,0,0,0,1
1412,28,1,1,0,0,1,0,0,1,0,0,0,1
1413,38,1,1,0,0,1,0,0,1,0,0,0,1
1414,46,0,0,0,0,1,0,1,0,0,0,0,1
1415,42,0,0,1,1,1,0,1,0,0,0,0,1
1416,24,0,0,0,0,1,0,1,0,0,0,0,1
1417,29,0,0,0,0,1,0,1,0,0,0,0,1
1418,31,0,0,1,1,1,0,1,0,0,0,0,1
1419,47,0,1,0,0,0,0,0,1,0,0,0,1
1420,20,0,1,0,0,1,0,0,1,0,0,0,1
1421,22,0,1,0,0,1,0,0,1,0,0,0,1
1422,41,0,1,0,0,0,1,0,0,0,0,1,0
1423,24,0,1,0,0,1,1,0,0,0,0,1,0
1424,26,0,1,0,0,1,1,0,0,0,0,1,0
1425,50,0,1,0,0,1,1,0,0,0,0,1,0
1426,48,0,1,0,0,0,1,0,0,0,0,1,0
1427,53,0,1,0,0,1,0,0,0,1,0,1,0
1428,41,0,1,0,0,0,0,0,0,1,0,1,0
1429,20,0,1,0,0,1,0,0,0,1,0,1,0
1430,37,0,1,0,0,0,0,0,0,1,0,1,0
1431,50,0,1,1,0,0,0,0,0,1,0,1,0
1432,39,0,1,1,0,1,0,0,0,1,0,1,0
1433,45,0,1,0,0,0,0,0,0,1,0,1,0
1434,35,0,1,0,0,0,0,0,0,1,0,1,0
1435,31,0,0,0,0,1,0,1,0,0,0,0,1
1436,29,0,0,0,0,1,0,1,0,0,0,0,1
1437,22,0,0,0,0,1,0,1,0,0,0,0,1
1438,55,0,1,0,0,0,1,0,0,0,0,0,1
1439,30,0,1,0,0,1,1,0,0,0,0,0,1
1440,30,0,1,0,0,1,1,0,0,0,0,0,1
1441,55,0,1,0,0,0,1,0,0,0,0,0,1
1442,49,0,1,0,0,1,1,0,0,0,0,0,1
1443,49,0,1,0,0,0,1,0,0,0,0,0,1
1444,20,0,1,0,0,1,1,0,0,0,0,0,1
1445,51,0,1,0,0,1,0,0,0,1,0,0,1
1446,44,0,1,0,0,1,0,0,0,1,0,0,1
1447,36,0,1,0,0,0,0,0,0,1,0,0,1
1448,24,0,0,0,0,1,0,0,0,1,0,0,1
1449,23,0,0,0,0,1,0,0,0,1,0,0,1
1450,32,0,0,0,0,1,0,0,0,1,0,0,1
1451,23,0,0,0,0,1,0,0,0,1,0,0,1
1452,46,0,1,0,0,0,0,0,1,0,0,0,1
1453,38,0,1,0,0,1,0,0,1,0,0,0,1
1454,22,0,1,0,0,1,0,0,1,0,0,0,1
1455,54,0,0,0,0,1,0,1,0,0,0,0,1
1456,42,0,0,0,0,1,0,1,0,0,0,0,1
1457,39,0,0,0,0,1,0,1,0,0,0,0,1
1458,55,0,0,0,0,0,0,1,0,0,0,0,1
1459,55,0,0,0,0,1,0,1,0,0,0,0,1
1460,24,0,0,0,0,1,0,1,0,0,0,0,1
1461,23,0,1,0,0,1,1,0,0,0,0,1,0
1462,23,0,1,0,0,1,0,0,0,1,0,1,0
1463,50,0,1,0,0,1,0,0,0,1,0,1,0
1464,44,0,1,0,0,1,0,0,0,1,0,1,0
1465,25,0,1,0,0,1,0,0,0,1,0,1,0
1466,51,0,0,1,0,0,1,0,0,0,0,0,1
1467,39,0,0,0,0,1,1,0,0,0,0,0,1
1468,36,0,0,0,0,1,1,0,0,0,0,0,1
1469,39,0,0,1,1,0,1,0,0,0,0,0,1
1470,29,0,0,1,0,1,1,0,0,0,0,0,1
1471,39,1,1,0,0,0,1,0,0,0,0,1,0
1472,47,1,1,1,1,1,1,0,0,0,0,1,0
1473,36,1,1,0,0,0,1,0,0,0,0,1,0
1474,31,0,1,0,0,1,0,0,0,1,0,0,1
1475,34,0,1,0,0,0,0,0,0,1,0,0,1
1476,36,0,0,0,0,1,0,0,0,1,0,0,1
1477,46,0,0,0,0,1,0,0,0,1,0,0,1
1478,34,0,0,0,0,1,0,0,0,1,0,0,1
1479,49,0,0,0,0,1,0,0,0,1,0,0,1
1480,33,0,0,0,0,1,0,0,0,1,0,0,1
1481,21,0,0,0,0,1,0,0,0,1,0,0,1
1482,21,0,0,0,0,1,0,1,0,0,0,0,1
1483,25,0,0,0,0,1,0,1,0,0,0,0,1
1484,41,0,0,0,0,0,0,1,0,0,0,0,1
1485,40,0,0,0,0,1,0,1,0,0,0,0,1
1486,40,0,0,0,0,1,0,1,0,0,0,0,1
1487,25,0,0,0,0,1,0,1,0,0,0,0,1
1488,46,0,0,0,0,1,0,1,0,0,0,0,1
1489,44,0,1,0,0,1,1,0,0,0,0,0,1
1490,53,0,1,0,0,0,1,0,0,0,0,0,1
1491,39,0,1,0,0,1,1,0,0,0,0,0,1
1492,47,0,0,0,0,1,0,1,0,0,0,0,1
1493,27,0,0,0,0,1,0,1,0,0,0,0,1
1494,21,0,0,0,0,1,0,1,0,0,0,0,1
1495,43,0,0,0,0,1,0,1,0,0,0,0,1
1496,27,0,0,1,0,1,0,1,0,0,0,0,1
1497,44,0,1,0,0,0,1,0,0,0,1,0,0
1498,43,0,1,0,0,1,1,0,0,0,1,0,0
1499,40,0,1,0,0,1,1,0,0,0,1,0,0
1500,46,0,1,0,0,1,1,0,0,0,1,0,0
1501,28,0,1,0,0,1,1,0,0,0,1,0,0
1502,39,0,1,0,0,1,0,0,0,1,0,0,1
1503,47,0,1,0,0,1,0,0,0,1,0,0,1
1504,45,0,1,0,0,1,0,0,0,1,0,0,1
1505,45,0,1,0,0,1,0,0,0,1,0,0,1
1506,33,0,1,0,0,1,0,0,0,1,0,0,1
1507,40,0,1,0,0,1,0,0,0,1,0,0,1
1508,40,0,1,0,0,1,0,0,0,1,0,0,1
1509,43,0,0,0,0,1,0,1,0,0,0,0,1
1510,48,0,0,0,0,0,0,1,0,0,0,0,1
1511,41,0,0,0,0,0,0,1,0,0,0,0,1
1512,24,0,0,0,0,1,0,1,0,0,0,0,1
1513,25,0,0,0,0,1,0,1,0,0,0,0,1
1514,30,0,0,0,0,1,0,1,0,0,0,0,1
1515,48,0,0,1,0,1,0,1,0,0,0,0,1
1516,27,1,1,0,0,1,0,0,0,1,0,0,1
1517,26,1,1,0,0,1,0,0,0,1,0,0,1
1518,27,1,1,0,0,1,0,0,0,1,0,0,1
1519,29,0,1,0,0,1,1,0,0,0,0,0,1
1520,27,0,1,0,0,1,1,0,0,0,0,0,1
1521,50,0,1,0,0,1,1,0,0,0,0,0,1
1522,22,0,1,0,0,1,1,0,0,0,0,0,1
1523,20,0,1,0,0,1,0,0,0,1,1,0,0
1524,23,0,1,0,0,0,0,0,0,1,1,0,0
1525,35,0,1,0,0,1,0,0,0,1,0,0,1
1526,27,0,1,0,0,1,0,0,0,1,0,0,1
1527,49,0,1,0,0,0,0,0,0,1,0,0,1
1528,48,0,1,0,0,1,0,0,0,1,0,0,1
1529,20,0,1,0,0,1,0,0,0,1,0,0,1
1530,34,0,1,0,0,1,0,0,0,1,0,0,1
1531,51,0,0,0,0,1,1,0,0,0,0,0,1
1532,41,0,0,0,0,1,1,0,0,0,0,0,1
1533,29,0,0,0,0,1,1,0,0,0,0,0,1
1534,48,0,1,0,0,1,1,0,0,0,0,0,1
1535,38,0,1,1,0,1,1,0,0,0,0,0,1
1536,22,0,1,0,0,1,1,0,0,0,0,0,1
1537,41,0,0,0,0,1,0,1,0,0,0,0,1
1538,25,0,0,0,0,1,0,1,0,0,0,0,1
1539,41,0,0,0,0,1,0,1,0,0,0,0,1
1540,49,0,0,0,0,1,0,1,0,0,0,0,1
1541,46,0,0,0,0,1,0,1,0,0,0,0,1
1542,48,0,0,0,0,1,0,1,0,0,0,0,1
1543,27,0,0,0,0,1,0,1,0,0,0,0,1
1544,47,0,1,0,0,0,0,0,1,0,1,0,0
1545,21,0,1,0,0,1,0,0,1,0,1,0,0
1546,45,0,1,0,0,0,0,0,1,0,1,0,0
1547,41,0,0,0,0,1,1,0,0,0,0,0,1
1548,34,0,0,0,0,1,1,0,0,0,0,0,1
1549,29,0,0,0,0,0,1,0,0,0,0,0,1
1550,44,0,0,0,0,0,1,0,0,0,0,0,1
1551,23,0,0,0,0,1,1,0,0,0,0,0,1
1552,20,0,0,0,0,1,1,0,0,0,0,0,1
1553,46,0,1,0,0,0,1,0,0,0,0,0,1
1554,23,0,1,0,0,1,1,0,0,0,0,0,1
1555,25,0,1,0,0,1,1,0,0,0,0,0,1
1556,47,0,1,0,0,0,1,0,0,0,0,0,1
1557,54,0,1,0,0,0,1,0,0,0,0,0,1
1558,26,0,1,0,0,1,1,0,0,0,0,0,1
1559,34,0,1,0,0,0,0,0,1,0,0,0,1
1560,41,0,1,0,0,1,0,0,1,0,0,0,1
1561,44,0,1,0,0,1,0,0,1,0,0,0,1
1562,31,0,1,1,0,1,0,0,1,0,0,0,1
1563,37,0,1,0,0,1,1,0,0,0,0,0,1
1564,34,0,1,0,0,1,1,0,0,0,0,0,1
1565,44,0,1,0,0,0,1,0,0,0,0,0,1
1566,27,0,1,0,0,1,1,0,0,0,0,0,1
1567,48,0,1,0,0,0,1,0,0,0,0,0,1
1568,23,1,1,0,0,1,0,0,0,1,0,0,1
1569,52,1,1,0,0,1,0,0,0,1,0,0,1
1570,48,1,1,1,0,0,0,0,0,1,0,0,1
1571,43,1,1,1,0,1,0,0,0,1,0,0,1
1572,39,1,1,0,0,1,0,0,0,1,0,0,1
1573,45,1,1,0,0,1,0,0,0,1,0,0,1
1574,28,0,0,0,0,1,0,1,0,0,0,0,1
1575,26,0,0,1,1,1,0,1,0,0,0,0,1
1576,36,0,0,1,1,1,0,1,0,0,0,0,1
1577,38,0,0,0,0,1,0,1,0,0,0,0,1
1578,27,0,0,0,0,1,0,1,0,0,0,0,1
1579,54,0,0,1,1,0,0,1,0,0,0,0,1
1580,30,0,1,0,0,1,1,0,0,0,0,0,1
1581,33,0,1,0,0,1,0,0,1,0,0,0,1
1582,48,0,1,0,0,0,0,0,1,0,0,0,1
1583,44,0,1,0,0,0,0,0,1,0,0,0,1
1584,39,0,1,0,0,1,0,0,1,0,0,0,1
1585,42,0,1,0,0,1,1,0,0,0,0,0,1
1586,22,0,1,0,0,1,1,0,0,0,0,0,1
1587,29,0,1,0,0,0,1,0,0,0,0,0,1
1588,27,0,1,0,0,1,1,0,0,0,0,0,1
1589,43,0,0,0,0,1,0,1,0,0,0,0,1
1590,31,0,0,0,0,1,0,1,0,0,0,0,1
1591,39,0,1,0,0,0,1,0,0,0,0,0,1
1592,35,0,1,0,0,1,1,0,0,0,0,0,1
1593,44,0,1,0,0,0,1,0,0,0,0,0,1
1594,32,0,1,0,0,0,1,0,0,0,0,0,1
1595,24,0,1,0,0,1,1,0,0,0,0,1,0
1596,47,0,1,0,0,1,1,0,0,0,0,1,0
1597,31,0,1,0,0,1,1,0,0,0,0,1,0
1598,33,0,1,0,0,1,1,0,0,0,0,1,0
1599,23,0,1,0,0,1,1,0,0,0,1,0,0
1600,26,0,1,0,0,1,1,0,0,0,1,0,0
1601,34,0,1,0,0,1,0,0,1,0,0,0,1
1602,24,0,1,0,0,1,0,0,1,0,0,0,1
1603,29,0,1,0,0,1,0,0,1,0,0,0,1
1604,42,0,1,0,0,1,0,0,1,0,0,0,1
1605,36,0,1,0,0,1,0,0,1,0,0,0,1
1606,32,0,1,0,0,1,1,0,0,0,0,0,1
1607,22,0,1,0,0,1,1,0,0,0,0,0,1
1608,44,0,1,0,0,1,1,0,0,0,0,0,1
1609,45,0,1,0,0,0,1,0,0,0,0,0,1
1610,45,0,0,0,0,1,1,0,0,0,0,0,1
1611,46,0,0,0,0,1,1,0,0,0,0,0,1
1612,21,0,0,0,0,1,1,0,0,0,0,0,1
1613,40,0,0,1,0,1,1,0,0,0,0,0,1
1614,42,0,0,1,0,1,1,0,0,0,0,0,1
1615,48,1,0,0,0,0,0,0,0,1,0,0,1
1616,24,1,0,0,0,1,0,0,0,1,0,0,1
1617,27,1,1,0,0,1,0,0,0,1,0,0,1
1618,31,1,1,0,0,1,0,0,0,1,0,0,1
1619,45,1,1,0,0,0,0,0,0,1,0,0,1
1620,23,1,1,0,0,1,0,0,0,1,0,0,1
1621,46,1,1,0,0,1,0,0,0,1,0,0,1
1622,24,1,0,0,0,1,1,0,0,0,0,0,1
1623,49,1,0,0,0,0,1,0,0,0,0,0,1
1624,44,1,0,0,0,0,1,0,0,0,0,0,1
1625,44,1,0,0,0,1,1,0,0,0,0,0,1
1626,52,1,0,0,0,0,1,0,0,0,0,0,1
1627,34,1,0,0,0,1,1,0,0,0,0,0,1
1628,38,0,1,0,0,1,0,0,1,0,1,0,0
1629,49,0,1,0,0,0,0,0,1,0,1,0,0
1630,37,0,1,0,0,1,0,0,1,0,1,0,0
1631,28,0,1,0,0,0,0,0,1,0,1,0,0
1632,24,0,1,0,0,1,0,0,1,0,1,0,0
1633,19,0,1,0,0,1,0,1,0,0,0,0,1
1634,31,0,1,0,0,1,0,1,0,0,0,0,1
1635,21,0,1,0,0,1,0,1,0,0,0,0,1
1636,38,0,1,0,0,0,0,1,0,0,0,0,1
1637,32,0,1,0,0,1,0,1,0,0,0,0,1
1638,37,0,1,1,1,0,0,1,0,0,0,0,1
1639,28,0,1,1,0,1,0,1,0,0,0,0,1
1640,24,0,0,0,0,1,0,1,0,0,0,0,1
1641,43,0,0,0,0,0,0,1,0,0,0,0,1
1642,36,0,0,0,0,1,0,0,0,1,0,0,1
1643,35,0,0,0,0,1,0,0,0,1,0,0,1
1644,36,0,0,0,0,0,0,0,0,1,0,0,1
1645,23,0,0,0,0,1,0,0,0,1,0,0,1
1646,36,0,1,0,0,1,1,0,0,0,0,0,1
1647,41,0,1,0,0,1,1,0,0,0,0,0,1
1648,42,0,1,0,0,1,1,0,0,0,0,0,1
1649,33,0,1,0,0,1,1,0,0,0,0,0,1
1650,45,0,1,0,0,0,1,0,0,0,0,0,1
1651,22,0,1,0,0,1,0,0,0,1,0,0,1
1652,27,0,1,0,0,1,0,0,0,1,0,0,1
1653,29,0,1,0,0,1,0,0,0,1,0,0,1
1654,24,0,1,1,0,1,0,0,0,1,0,0,1
1655,49,0,1,1,0,1,0,0,0,1,0,0,1
1656,33,0,1,0,0,1,0,0,0,1,1,0,0
1657,23,0,1,0,0,1,0,0,0,1,1,0,0
1658,54,0,1,0,0,1,0,0,0,1,1,0,0
1659,47,0,1,0,0,1,0,0,0,1,1,0,0
1660,40,0,1,0,0,0,0,0,0,1,1,0,0
1661,25,0,1,0,0,1,0,0,0,1,1,0,0
1662,44,0,0,0,0,0,0,1,0,0,0,0,1
1663,24,0,0,0,0,1,0,1,0,0,0,0,1
1664,40,0,0,0,0,1,0,1,0,0,0,0,1
1665,43,0,1,0,0,1,1,0,0,0,1,0,0
1666,35,0,1,1,1,1,1,0,0,0,1,0,0
1667,41,0,1,1,0,1,1,0,0,0,1,0,0
1668,48,0,1,0,0,1,0,0,0,1,0,0,1
1669,26,0,1,0,0,1,0,0,0,1,0,0,1
1670,37,0,1,0,0,1,0,0,0,1,0,0,1
1671,47,0,1,0,0,1,0,0,0,1,0,0,1
1672,28,0,1,0,0,1,0,0,0,1,0,0,1
1673,31,0,1,0,0,1,0,0,0,1,0,0,1
1674,22,0,1,0,0,1,0,0,0,1,0,0,1
1675,51,0,1,0,0,1,0,0,0,1,0,0,1
1676,30,0,1,0,0,1,1,0,0,0,0,0,1
1677,30,0,1,0,0,1,1,0,0,0,0,0,1
1678,21,0,1,0,0,1,1,0,0,0,0,0,1
1679,42,0,0,0,0,1,0,1,0,0,0,0,1
1680,28,0,0,0,0,1,0,1,0,0,0,0,1
1681,49,0,0,0,0,1,0,1,0,0,0,0,1
1682,46,0,0,0,0,1,0,1,0,0,0,0,1
1683,32,0,0,0,0,1,0,1,0,0,0,0,1
1684,33,1,0,0,0,1,1,0,0,0,0,0,1
1685,42,1,0,0,0,1,1,0,0,0,0,0,1
1686,48,0,0,0,0,1,1,0,0,0,0,0,1
1687,40,0,0,0,0,1,1,0,0,0,0,0,1
1688,28,0,0,0,0,1,1,0,0,0,0,0,1
1689,47,0,0,0,0,1,1,0,0,0,0,0,1
1690,41,0,0,0,0,1,1,0,0,0,0,0,1
1691,35,0,1,0,0,1,0,0,0,1,0,0,1
1692,48,0,1,0,0,1,0,0,0,1,0,0,1
1693,38,0,1,0,0,1,0,0,0,1,0,0,1
1694,29,0,1,0,0,1,0,0,0,1,0,0,1
1695,20,0,1,0,0,1,0,0,0,1,0,0,1
1696,32,0,1,0,0,0,0,0,0,1,0,0,1
1697,38,0,1,0,0,0,0,0,0,1,0,0,1
1698,49,0,1,0,0,0,0,0,0,1,0,0,1
1699,44,0,1,0,0,0,0,0,0,1,0,0,1
1700,43,0,1,0,0,0,0,0,0,1,0,0,1
1701,32,0,1,0,0,1,0,0,0,1,0,0,1
1702,40,0,1,0,0,1,0,1,0,0,0,0,1
1703,52,0,1,0,0,0,0,1,0,0,0,0,1
1704,49,0,1,0,0,0,0,1,0,0,0,0,1
1705,35,0,1,0,0,1,0,1,0,0,0,0,1
1706,42,0,1,0,0,1,0,1,0,0,0,0,1
1707,40,0,0,0,0,1,0,1,0,0,0,0,1
1708,29,0,0,0,0,1,0,1,0,0,0,0,1
1709,43,0,0,0,0,1,0,1,0,0,0,0,1
1710,26,1,0,0,0,1,0,0,0,1,0,0,1
1711,50,1,0,0,0,0,0,0,0,1,0,0,1
1712,44,0,1,0,0,1,1,0,0,0,0,0,1
1713,23,0,1,0,0,1,1,0,0,0,0,0,1
1714,39,0,1,0,0,1,1,0,0,0,0,0,1
1715,28,0,0,0,0,1,0,1,0,0,0,0,1
1716,28,0,0,0,0,1,0,1,0,0,0,0,1
1717,51,0,0,0,0,1,0,1,0,0,0,0,1
1718,51,0,1,0,0,0,1,0,0,0,0,0,1
1719,25,0,1,0,0,1,1,0,0,0,0,0,1
1720,48,0,1,0,0,0,1,0,0,0,0,0,1
1721,45,0,1,0,0,1,1,0,0,0,0,0,1
1722,49,0,1,0,0,1,1,0,0,0,0,0,1
1723,46,0,1,0,0,1,0,0,1,0,0,0,1
1724,48,0,1,0,0,1,0,0,1,0,0,0,1
1725,40,0,1,0,0,0,0,0,0,1,0,0,1
1726,48,0,1,0,0,0,0,0,0,1,0,0,1
1727,21,0,1,0,0,1,0,0,0,1,0,0,1
1728,41,0,0,0,0,0,0,0,0,1,0,0,1
1729,36,0,0,0,0,1,0,0,0,1,0,0,1
1730,41,0,0,0,0,1,0,0,0,1,0,0,1
1731,47,0,1,0,0,1,0,0,0,1,0,0,1
1732,45,0,1,0,0,0,0,0,0,1,0,0,1
1733,46,0,1,0,0,0,0,0,0,1,0,0,1
1734,28,0,1,0,0,1,0,0,0,1,0,0,1
1735,41,0,1,0,0,0,0,0,0,1,0,0,1
1736,35,0,0,0,0,1,1,0,0,0,1,0,0
1737,27,0,0,0,0,1,1,0,0,0,1,0,0
1738,52,0,0,0,0,0,1,0,0,0,1,0,0
1739,35,1,0,0,0,1,0,0,0,1,1,0,0
1740,28,1,0,0,0,1,0,0,0,1,1,0,0
1741,22,1,0,0,0,1,0,0,0,1,1,0,0
1742,24,1,1,0,0,1,1,0,0,0,1,0,0
1743,38,1,1,0,0,1,1,0,0,0,1,0,0
1744,35,1,1,0,0,1,1,0,0,0,1,0,0
1745,45,1,1,0,0,1,1,0,0,0,1,0,0
1746,35,0,1,0,0,1,0,0,0,1,0,0,1
1747,41,0,1,0,0,0,0,0,0,1,0,0,1
1748,28,0,1,0,0,1,0,0,0,1,0,0,1
1749,52,0,0,0,0,0,0,1,0,0,0,0,1
1750,49,0,0,0,0,0,0,1,0,0,0,0,1
1751,40,0,0,0,0,0,0,1,0,0,0,0,1
1752,36,0,0,0,0,1,0,1,0,0,0,0,1
1753,35,0,0,0,0,1,0,1,0,0,0,0,1
1754,49,0,0,0,0,0,0,1,0,0,0,0,1
1755,44,0,0,0,0,0,0,1,0,0,0,0,1
1756,35,0,0,0,0,0,0,1,0,0,0,0,1
1757,26,1,0,0,0,0,0,0,0,1,1,0,0
1758,26,1,0,0,0,1,0,0,0,1,1,0,0
1759,34,1,0,0,0,0,0,0,0,1,1,0,0
1760,41,1,0,0,0,1,0,0,0,1,1,0,0
1761,22,1,1,0,0,1,1,0,0,0,1,0,0
1762,21,1,1,0,0,1,1,0,0,0,1,0,0
1763,29,1,1,0,0,1,1,0,0,0,1,0,0
1764,47,0,1,0,0,0,0,0,0,1,1,0,0
1765,44,0,1,0,0,1,0,0,0,1,1,0,0
1766,48,0,1,0,0,0,0,0,0,1,1,0,0
1767,40,0,1,0,0,1,0,0,0,1,1,0,0
1768,40,0,1,0,0,1,1,0,0,0,0,0,1
1769,40,0,1,0,0,1,1,0,0,0,0,0,1
1770,21,0,1,0,0,1,1,0,0,0,0,0,1
1771,35,0,1,0,0,1,1,0,0,0,0,0,1
1772,36,0,1,0,0,1,1,0,0,0,0,0,1
1773,23,0,1,0,0,1,1,0,0,0,0,0,1
1774,26,0,1,0,0,1,1,0,0,0,0,0,1
1775,38,0,0,0,0,1,1,0,0,0,1,0,0
1776,50,0,0,0,0,0,1,0,0,0,1,0,0
1777,40,0,0,0,0,1,1,0,0,0,1,0,0
1778,32,0,0,0,0,1,1,0,0,0,1,0,0
1779,47,0,1,0,0,1,1,0,0,0,0,0,1
1780,29,1,1,0,0,1,0,0,1,0,1,0,0
1781,54,1,1,0,0,0,0,0,1,0,1,0,0
1782,36,0,0,0,0,0,0,1,0,0,0,0,1
1783,34,0,0,0,0,0,0,1,0,0,0,0,1
1784,28,0,1,0,0,1,1,0,0,0,1,0,0
1785,26,0,1,0,0,1,1,0,0,0,1,0,0
1786,29,0,1,0,0,1,1,0,0,0,1,0,0
1787,37,0,1,0,0,1,1,0,0,0,1,0,0
1788,39,0,1,0,0,0,1,0,0,0,1,0,0
1789,38,0,1,0,0,1,1,0,0,0,1,0,0
1790,22,0,1,0,0,1,1,0,0,0,1,0,0
1791,46,0,1,0,0,0,1,0,0,0,1,0,0
1792,22,0,1,0,0,1,1,0,0,0,1,0,0
1793,34,0,1,0,0,1,0,0,1,0,1,0,0
1794,30,0,1,0,0,1,0,0,1,0,1,0,0
1795,23,0,1,0,0,1,0,0,1,0,1,0,0
1796,43,0,0,0,0,1,0,1,0,0,0,0,1
1797,48,0,1,0,0,0,1,0,0,0,1,0,0
1798,35,0,1,0,0,1,1,0,0,0,1,0,0
1799,29,0,1,0,0,1,1,0,0,0,1,0,0
1800,24,0,1,0,0,1,0,0,1,0,1,0,0
1801,23,0,1,0,0,1,0,0,1,0,1,0,0
1802,34,0,1,0,0,0,0,0,1,0,1,0,0
1803,22,0,1,0,0,1,0,0,1,0,1,0,0
1804,31,0,1,0,0,1,0,0,1,0,1,0,0
1805,28,1,0,0,0,1,0,0,1,0,1,0,0
1806,41,1,0,0,0,1,0,0,1,0,1,0,0
1807,43,1,0,0,0,0,0,0,1,0,1,0,0
1808,20,1,0,0,0,0,0,0,1,0,1,0,0
1809,31,0,0,0,0,1,0,1,0,0,0,0,1
1810,38,0,0,0,0,1,0,1,0,0,0,0,1
1811,33,0,0,0,0,1,0,1,0,0,0,0,1
1812,46,0,0,0,0,1,0,1,0,0,0,0,1
1813,38,0,1,0,0,1,1,0,0,0,0,0,1
1814,36,0,1,0,0,1,1,0,0,0,0,0,1
1815,23,0,1,0,0,1,1,0,0,0,0,0,1
1816,26,0,1,0,0,1,1,0,0,0,0,0,1
1817,41,0,1,0,0,0,1,0,0,0,0,0,1
1818,29,0,1,0,0,1,1,0,0,0,1,0,0
1819,39,0,1,0,0,1,1,0,0,0,1,0,0
1820,41,0,1,0,0,0,1,0,0,0,1,0,0
1821,27,0,1,0,0,1,1,0,0,0,1,0,0
1822,32,0,1,0,0,1,1,0,0,0,1,0,0
1823,38,0,1,0,0,0,1,0,0,0,0,0,1
1824,39,0,1,0,0,1,1,0,0,0,0,0,1
1825,48,0,1,1,0,1,1,0,0,0,0,0,1
1826,51,0,1,0,0,1,1,0,0,0,0,0,1
1827,36,0,1,1,0,1,1,0,0,0,0,0,1
1828,25,0,1,1,0,1,1,0,0,0,0,0,1
1829,37,0,1,0,0,1,0,0,0,1,0,0,1
1830,23,0,1,0,0,1,0,0,0,1,0,0,1
1831,32,0,1,0,0,1,0,0,0,1,0,0,1
1832,28,0,1,0,0,1,0,0,0,1,0,0,1
1833,50,0,1,0,0,0,0,0,0,1,0,0,1
1834,21,0,1,0,0,1,0,0,0,1,0,0,1
1835,49,0,1,1,0,1,0,0,0,1,0,0,1
1836,35,0,1,0,0,0,0,0,0,1,0,0,1
1837,44,0,1,1,0,1,0,0,0,1,0,0,1
1838,20,0,1,0,0,1,0,0,0,1,0,0,1
1839,26,0,1,0,0,1,0,0,0,1,0,0,1
1840,32,0,1,0,0,1,0,0,0,1,0,0,1
1841,50,0,1,0,0,0,0,0,1,0,1,0,0
1842,34,0,1,0,0,1,0,0,1,0,1,0,0
1843,20,0,1,0,0,1,0,0,1,0,1,0,0
1844,43,0,0,0,0,0,0,1,0,0,0,0,1
1845,35,0,0,0,0,1,0,1,0,0,0,0,1
1846,49,0,0,0,0,0,0,1,0,0,0,0,1
1847,46,0,1,0,0,1,1,0,0,0,0,0,1
1848,42,0,1,0,0,1,1,0,0,0,0,0,1
1849,27,0,1,0,0,1,1,0,0,0,0,0,1
1850,50,0,1,0,0,1,1,0,0,0,0,0,1
1851,26,0,1,0,0,1,0,0,0,1,0,0,1
1852,38,0,1,0,0,1,0,0,0,1,0,0,1
1853,37,0,1,0,0,1,0,0,0,1,0,0,1
1854,46,0,0,0,0,1,0,1,0,0,0,0,1
1855,29,0,0,0,0,1,0,0,0,1,1,0,0
1856,23,1,0,0,0,1,0,0,0,1,1,0,0
1857,28,1,0,0,0,1,0,0,0,1,1,0,0
1858,30,1,0,0,0,1,0,0,0,1,1,0,0
1859,42,0,1,0,0,1,0,0,0,1,0,0,1
1860,44,0,1,0,0,1,0,0,0,1,0,0,1
1861,19,1,1,0,0,1,0,0,0,1,0,0,1
1862,30,1,1,0,0,0,0,0,0,1,0,0,1
1863,33,1,1,0,0,0,0,0,0,1,0,0,1
1864,45,1,1,1,1,1,0,0,0,1,0,0,1
1865,27,1,1,0,0,1,0,0,0,1,0,0,1
1866,31,1,1,0,0,0,0,0,0,1,0,0,1
1867,37,1,1,0,0,0,0,0,0,1,1,0,0
1868,46,1,1,0,0,0,0,0,0,1,1,0,0
1869,45,1,0,0,0,1,1,0,0,0,0,0,1
1870,24,1,0,0,0,1,1,0,0,0,0,0,1
1871,42,1,0,0,0,1,1,0,0,0,0,0,1
1872,21,1,0,0,0,1,1,0,0,0,0,0,1
1873,49,1,0,0,0,1,1,0,0,0,0,0,1
1874,41,1,1,0,0,1,1,0,0,0,0,0,1
1875,26,1,1,0,0,1,1,0,0,0,0,0,1
1876,49,1,1,0,0,1,1,0,0,0,0,0,1
1877,33,0,1,0,0,1,0,0,0,1,0,0,1
1878,38,0,1,0,0,1,0,0,0,1,0,0,1
1879,43,0,1,0,0,1,0,0,0,1,0,0,1
1880,35,0,1,0,0,1,0,0,0,1,0,0,1
1881,21,0,1,0,0,0,0,0,0,1,0,0,1
1882,48,0,0,0,0,1,0,1,0,0,0,0,1
1883,26,0,0,0,0,1,0,1,0,0,0,0,1
1884,50,0,0,0,0,1,0,1,0,0,0,0,1
1885,31,1,1,0,0,1,0,0,0,1,1,0,0
1886,47,1,1,0,0,1,0,0,0,1,1,0,0
1887,40,1,1,0,0,1,0,0,0,1,1,0,0
1888,42,1,1,0,0,0,0,0,0,1,1,0,0
1889,47,1,1,0,0,0,0,0,0,1,1,0,0
1890,33,1,1,0,0,1,0,0,0,1,1,0,0
1891,25,1,1,0,0,1,0,0,0,1,1,0,0
1892,22,1,1,0,0,1,0,0,0,1,1,0,0
1893,49,0,0,0,0,1,1,0,0,0,0,0,1
1894,38,0,0,0,0,0,1,0,0,0,0,0,1
1895,33,0,0,0,0,0,1,0,0,0,0,0,1
1896,24,0,0,0,0,1,0,1,0,0,0,0,1
1897,40,0,0,0,0,1,0,1,0,0,0,0,1
1898,31,0,1,0,0,1,1,0,0,0,0,0,1
1899,27,0,1,0,0,1,1,0,0,0,0,0,1
1900,40,0,1,0,0,0,0,0,0,1,0,0,1
1901,24,0,1,0,0,0,0,0,0,1,0,0,1
1902,24,0,1,0,0,1,0,0,0,1,0,0,1
1903,49,0,1,0,0,0,0,0,0,1,0,0,1
1904,33,0,1,0,0,1,0,0,0,1,0,0,1
1905,29,0,1,0,0,0,0,0,0,1,0,0,1
1906,38,0,1,0,0,1,0,0,0,1,0,0,1
1907,26,0,1,0,0,1,0,0,0,1,0,0,1
1908,52,0,1,0,0,0,0,0,0,1,0,0,1
1909,30,0,0,0,0,0,0,1,0,0,0,0,1
1910,42,0,1,0,0,1,0,0,0,1,0,0,1
1911,42,0,1,0,0,1,0,0,0,1,0,0,1
1912,18,0,1,0,0,1,0,0,0,1,0,0,1
1913,52,0,1,0,0,0,0,0,0,1,0,0,1
1914,39,0,0,0,0,1,0,1,0,0,0,0,1
1915,38,0,0,0,0,1,0,1,0,0,0,0,1
1916,50,0,0,0,0,1,0,1,0,0,0,0,1
1917,51,0,0,0,0,1,0,1,0,0,0,0,1
1918,36,0,0,0,0,1,0,1,0,0,0,0,1
1919,36,0,1,0,0,1,0,1,0,0,0,0,1
1920,39,0,1,0,0,1,0,1,0,0,0,0,1
1921,43,0,1,1,1,1,0,1,0,0,0,0,1
1922,38,0,1,0,0,1,0,0,0,1,0,0,1
1923,52,0,1,0,0,0,0,0,0,1,0,0,1
1924,48,0,1,0,0,1,0,0,0,1,0,0,1
1925,36,0,1,0,0,1,0,0,0,1,0,0,1
1926,22,0,1,0,0,1,0,0,0,1,0,0,1
1927,23,0,1,0,0,1,0,0,0,1,0,0,1
1928,43,0,1,0,0,1,0,0,0,1,0,0,1
1929,53,0,1,0,0,0,0,0,0,1,0,0,1
1930,22,0,1,1,0,1,0,0,0,1,0,0,1
1931,24,0,0,0,0,1,0,1,0,0,0,0,1
1932,27,0,0,0,0,1,0,1,0,0,0,0,1
1933,37,1,1,0,0,1,1,0,0,0,0,0,1
1934,33,1,1,0,0,1,1,0,0,0,0,0,1
1935,43,1,1,0,0,1,1,0,0,0,0,0,1
1936,23,1,1,0,0,1,1,0,0,0,0,0,1
1937,27,1,1,0,0,1,1,0,0,0,0,0,1
1938,33,1,1,0,0,1,1,0,0,0,0,0,1
1939,44,0,1,0,0,0,0,0,0,1,0,0,1
1940,46,0,1,0,0,1,0,0,0,1,0,0,1
1941,22,0,1,0,0,1,0,0,0,1,0,0,1
1942,26,0,1,0,0,1,0,0,0,1,0,0,1
1943,28,0,0,0,0,1,1,0,0,0,0,0,1
1944,42,0,0,0,0,1,1,0,0,0,0,0,1
1945,33,0,0,0,0,1,1,0,0,0,0,0,1
1946,34,0,0,0,0,1,1,0,0,0,0,0,1
1947,31,1,1,0,0,1,1,0,0,0,0,0,1
1948,33,1,1,0,0,1,1,0,0,0,0,0,1
1949,40,1,1,0,0,0,1,0,0,0,0,0,1
1950,42,0,0,0,0,1,0,0,0,1,0,0,1
1951,51,0,0,1,0,0,0,0,0,1,0,0,1
1952,46,0,0,0,0,1,0,0,0,1,0,0,1
1953,52,0,0,1,0,0,0,0,0,1,0,0,1
1954,47,0,0,1,0,1,0,0,0,1,0,0,1
1955,37,0,1,0,0,1,1,0,0,0,0,0,1
1956,18,0,1,0,0,1,1,0,0,0,0,0,1
1957,38,0,1,0,0,1,1,0,0,0,0,0,1
1958,19,0,1,0,0,1,1,0,0,0,0,0,1
1959,32,0,1,0,0,1,1,0,0,0,0,0,1
1960,34,0,1,0,0,1,1,0,0,0,0,0,1
1961,45,0,0,0,0,1,0,0,0,1,0,0,1
1962,46,0,0,1,0,1,0,0,0,1,0,0,1
1963,43,0,0,0,0,1,0,0,0,1,0,0,1
1964,49,0,0,0,0,1,0,1,0,0,0,0,1
1965,46,0,0,0,0,0,0,1,0,0,0,0,1
1966,27,0,0,0,0,1,0,1,0,0,0,0,1
1967,20,0,0,0,0,1,0,1,0,0,0,0,1
1968,30,0,1,0,0,1,1,0,0,0,1,0,0
1969,35,0,1,0,0,1,1,0,0,0,1,0,0
1970,31,0,1,0,0,1,1,0,0,0,1,0,0
1971,27,0,1,0,0,1,1,0,0,0,1,0,0
1972,47,0,1,1,1,0,1,0,0,0,1,0,0
1973,45,0,0,0,0,1,0,1,0,0,0,0,1
1974,52,0,0,0,0,1,0,1,0,0,0,0,1
1975,34,0,0,0,0,1,0,1,0,0,0,0,1
1976,53,0,0,0,0,0,0,1,0,0,0,0,1
1977,45,0,0,1,1,0,0,1,0,0,0,0,1
1978,20,0,0,0,0,1,0,1,0,0,0,0,1
1979,26,0,0,0,0,1,0,1,0,0,0,0,1
1980,24,0,0,0,0,1,0,1,0,0,0,0,1
1981,51,0,0,0,0,1,0,1,0,0,0,0,1
1982,33,0,0,1,1,1,0,1,0,0,0,0,1
1983,53,0,0,1,1,0,0,1,0,0,0,0,1
1984,22,0,1,0,0,1,0,0,0,1,0,0,1
1985,31,0,1,0,0,0,0,0,0,1,0,0,1
1986,45,0,1,0,0,1,0,0,0,1,0,0,1
1987,33,0,1,0,0,0,0,0,0,1,1,0,0
1988,37,0,1,1,1,1,0,0,0,1,1,0,0
1989,31,0,1,1,1,1,0,0,0,1,1,0,0
1990,21,0,1,0,0,1,0,0,0,1,1,0,0
1991,31,0,1,0,0,1,0,0,0,1,1,0,0
1992,44,0,1,0,0,0,0,0,0,1,1,0,0
1993,46,0,1,0,0,1,0,0,0,1,1,0,0
1994,41,1,1,0,0,1,1,0,0,0,1,0,0
1995,31,0,1,0,0,1,0,0,1,0,1,0,0
1996,25,0,1,0,0,1,0,0,1,0,1,0,0
1997,27,0,1,0,0,1,0,0,1,0,1,0,0
1998,21,0,1,0,0,1,0,0,1,0,1,0,0
1999,34,0,1,0,0,1,0,0,1,0,1,0,0
2000,50,0,1,0,0,1,1,0,0,0,0,0,1
2001,31,0,1,0,0,0,1,0,0,0,0,0,1
2002,36,0,1,0,0,0,1,0,0,0,0,0,1
2003,41,0,1,1,1,1,1,0,0,0,0,0,1
